user_name,user_description,tweet,state,vote_prediction
El Sol Latino News,"ğŸŒ Noticias de interÃ©s para latinos de la costa este de #EEUU
â €â¹ï¸ Facebook e Instagram
â €ğŸ™ï¸ Philadelphia: /elsollatinonewspaper
â €ğŸŒ… Miami: /elsollatinonewsmiami","#Elecciones2020 | En #Florida: #JoeBiden dice que #DonaldTrump solo se preocupa por Ã©l mismo. El demÃ³crata fue anfitriÃ³n de encuentros de electores en #PembrokePines y #Miramar. Clic AQUÃ â¬‡ï¸â¬‡ï¸â¬‡ï¸
â €
ğŸŒhttps://t.co/qhIWpIUXsT
_
#ElSolLatino #yobrilloconelsol https://t.co/6FlCBWf1Mi",Florida,Neutre
Tgcom24,Profilo ufficiale di Tgcom24: tutte le notizie sul sito https://t.co/sC5iMbymSN e sul canale 51 del digitale terrestre,"Usa 2020, Trump contro Facebook e Twitter: coprono BidenÂ   #donaldtrump https://t.co/6ceURhe1VP https://t.co/94jidLjoON",,Trump
snarke,"Will mock for food! Freelance writer, blogger, commentator. Civics nerd. She/Her","#Trump: As a student I used to hear for years, for ten years, I heard China! In 2019! And we have 1.5 and they don't know how many we have and I asked them how many do we have and they said 'sir we don't know.' But we have millions. Like 300 million.

Um. What?",Oregon,Trump
Trumpytweeter,"If he doesn't tweet for some time, should we be worried?",2 hours since last tweet from #Trump! Maybe he is VERY busy. Tremendously busy.,,Trump
Rana Abtar - Ø±Ù†Ø§ Ø£Ø¨ØªØ±,"Washington Correspondent, Lebanese-American ,covering Capitol Hill &DC politics in Arabic for 15+yrs. Mom of identical twins. Beach, chocolate & gym lover.",You get a tie! And you get a tie! #Trump â€˜s rally #Iowa https://t.co/jJalUUmh5D,District of Columbia,Trump
Farris Flagg,#BidenHarris2020 #JoeBiden2020 #KamalaHarrisForVP #IStandWithEllen @KamalaHarris @JoeBiden #TeamJoe #KHive #BidenHarris2020ToSaveAmerica,"@CLady62 Her 15 minutes were over long time ago. Omarosa never represented the black community! #TheReidOut

She cried to #Trump begging for a job!",California,Biden
Stacey Gulledge ğŸ‡ºğŸ‡¸ Patriot â™¥ï¸ KAG ğŸ™ ğŸ‘®â€â™€ï¸â™¥ï¸,"Patriot, Wife, â€œShaken not Stirredâ€ Mom of two extraordinary kids & labradoodle lover of â€œHoney Bunsâ€ Trust the Plan! Always Save Our Children!",@DeeviousDenise @realDonaldTrump @nypost There wonâ€™t be many of them.  Unless you all have been voting more than once again.  But God prevails.  BO was the most corrupt President ever.  Dark to light.  Your lies are all coming through.  They wouldnâ€™t last forever. #Trump,Ohio,Trump
Jamieo,"Don't know what I am. Can lean left and right, progressive and regressive, moderate and immoderate, right and wrong. All is subject to change.",One of the single most effective remedies to eradicate another round of #Trump Plague in our #WhiteHouse. https://t.co/QGB9ODIVS8,Pennsylvania,Trump
Johnny Quest,"Independent

What is your American Dream?
Teach our children to be Entrepreneurs not Marxists!
Entrepreneurs create jobs and innovate to solve problems","#Election2020 #Trump
#FreedomOfSpeech https://t.co/9slOZFZNHJ",,Trump
Dose of Dissonance,YOUTUBE CHANNEL: https://t.co/EFnKm5gnvV MERCHANDISE: https://t.co/FGCY7YPDGk,"""IS THIS WRONG??!!"" Cory Booker's BRILLIANT Final Questioning of Trump Nominee Amy Coney Barrett https://t.co/gCTvVLl4CS
#AmyConeyBarrett #CoryBooker #Barrett #Booker #Trump #KamalaHarris #JoeBiden #SCOTUS #SupremeCourtConfirmation",,Biden
Change Illinois | Biden will increase taxes by $4T,"Illinois, home of Lincoln and Reagan, used to be crossroads of America. Now, it's epicenter of political mafia, corruption and #ChicagoWay. #ChangeIllinois","In 2020, #NYPost is being #censorship #CENSORED by Twitter to manipulate a US election in favor of #JoeBiden and against #Trump.

but CCP from #China or porn on Twitter?

Thatâ€™s always been fine for @jack @vijaya @dickc @KatieS.

@marciadorsey is @jack sick?",Illinois,Biden
Ron Burgundy,"I'm kind of a Big Deal, People know me! I drive a 1970 Pontiac Catalina. â¤ my Dog Baxter, Scotch, Mahogany & Pool Parties.
Stay Classy #America ğŸ‡ºğŸ‡¸ #MAGA #KAG",#Trump #PresidentTrump #Trump2020LandslideVictory #Trump2020 #MAGA #KAG #4MoreYears #America #AmericaFirst #AllLivesMatter #Winning #Vote #VoteInPerson #VoteTrump #VotePresidentTrump https://t.co/TzXBKOvgNs,California,Trump
,,,,
ğŸ†“ Freebie Depot,"Free Stuff - No Fluff!  Get all kinds of FREE Stuff, FREE Samples, FREE Calendars, FREE Coupons, FREE, FREE, FREE! #freebies #freestuff #free #frugal #samples",â–ºâ–º Tell Politicians to STICK IT with this FREE Item! â–ºâ–º https://t.co/sua2FPNJTS â–ºâ–º #2020 #Biden #Deomocrat #Election #Politician #Politics #President #Republican #Trump #VPDebate â–ºâ–º @FreebieDepot https://t.co/QTRW3eMtd0,,Trump
,,,,
,,,,
OfficePools.com,Visit https://t.co/CdmWfqRMIS to play now! #fantasyhockey #fantasysports #hockeypool #footballpool #NHLpool #golfpool,"Now Open! Create a FREE U.S. Election Pick'em Pool. Add some excitement to the potential chaos. Pick who you think will become President, who will win the Swing States, the popular vote, and more!
ğŸ‡ºğŸ‡²https://t.co/W6FKnaXVMT
#MAGA2020 #Trump #Biden #Politics #USElection2020 https://t.co/NwNfiZsy53",,Trump
MoClarker,Media Maven/Scientist/Fan O Fauci,"@cnnbrk #Trump owes #RicardoAguirre $730,000 to pay for the mass murder of his family. #TrumpLiedPeopleDied @FauciFan",Michigan,Trump
E Turner,"Christian Veteran - My Oath to my Country, Flag, and Constitution never discharged.ğŸ‡ºğŸ‡¸â™ ï¸ğŸ—½âš–ï¸",#Democrats have spent more #tax #payer #paid #time &amp; #money on #chasing &amp; #attacking #TRUMP #not #doing #their #jobs #serving the #public as #elected #USA #NO GOOD REASON'S NOT TO #ECONOMICALLY #BAIL #PEOPLE OUT &amp; #PROTECT THEM TOO AS YOU TOOK #OATH TOO. #USA https://t.co/bRMhvloyKt,,Neutre
It Is Merely Me,"If you can't feed 100 people then feed just one.

#SaveTheEarth #ClimateChange #ClimateAction
ğŸ‡±ğŸ‡·âš–ğŸ—½ğŸŒ
#Resist #VoteBlue","When you know you can put people in their graves and get away with it, you go to #Trump  rallies, mask-less. Like canned sardines.

#COVID19 #SuperSpreader #TrumpRally
#TrumpRallyDesMoines #pandemic
#TrumpCovid19 https://t.co/yO7ZP9HHFo",,Trump
snarke,"Will mock for food! Freelance writer, blogger, commentator. Civics nerd. She/Her","#Trump: Nobody likes to tell you this, but some of the farmers were doing better the way I was doing it than they were by working their asses off.

And that check? It's totally in the mail, right Don?",Oregon,Trump
Infamous One,"""The company you keep can have a major impact on your life.""
 - Semper Fi -",@tedcruz @cc125 #Trump2020 #BLM #obama #VoteRed #BidenHarris2020 #Blacklivesmatter #mikepence #Debates2020 #KamalaHarris #KamalaHarrisVP #biden #riots #hunterbidden #AOC #Trump #IlhanOmar #gavinnewsom #tedwheeler #GretchenWhitmer &gt;&gt; This is only the begining its going to get worse! https://t.co/jcccPhWtgY,,Biden
,,,,
David Goldstein,"We are part of a Symbiotic relationship with someone wich disguises as a terrestrial so as not to ALARM us.
THE KINGDOM OF GOD IS an advanced CIVILIZATION...","@RudyGiuliani @Twitter @PressSec You right @RudyGiuliani Censorship should be Condemned
Cc Trump and the GOP

Not the American way.

Now let's redo Trump's Impeachment this time without the CENSORSHIP...
#AmericaFirst #BidenCares #DonaldTrump #BidenWillCrushCovid #BidenHarris2020ToSaveAmerica https://t.co/MrOa2Cgsd0",Florida,Neutre
Brian Speaking,Love the Skobbers and the Sainters.,"@realDonaldTrump just quoted Chinaâ€™s Xu, Russiaâ€™s Putin and North Koreaâ€™s Kim as leaders who are 100%
No mention of leaders of Allied countries, this is the president of the USA? @CNN @andersoncooper
#trump #TrumpIsUnfitForOffice",,Trump
John Ubaldi,Just Facts... No Fiction on domestic and global political issues.,"Comments on this? ""Do Democrats Understand how Ruthless China is?"" https://t.co/QevK00yhs3 #China #HunterBiden #JoeBiden #BidenHarris #BidenHarris2020 #TrumpPence2020 #Trump #realDonaldTrump #WTO #coronavirus #trade https://t.co/Wjm1hyTFNZ",Florida,Biden
Emmett Lee Dickinson,"The Emmett Lee Dickinson Museum in Washerst, PA. Dedicated to the life & poetry of Emmett Lee Dickinson (Emily's 3rd Cousin, twice removed -- at her request)","SHAME on @NikkiHaley for her ridiculous ad for @LindseyGrahamSC -- saying he's fighting for others.  Lady G is ONLY fighting to retain power -- and he is SPINELESS when it comes to controlling #Trump.

IT IS TIME FOR LINDESY TO GO!!! #SC #SouthCarolina #VoteJaimeHarrisonSC",,Neutre
Baylee,"when the going gets tough, the weird turn pro. My tweets are mine. she/her #SWATT #LGBTQ #BlackLivesMatter #BlueWave2020 ğŸŒŠ#ProudDemocrat #ProudTransWomen",@karatblood @KazePlays_JC Grab @realDonaldTrump by the balls &amp; chuck the bastard out the door onto #PennsylvaniaAvenue &amp; form a line &amp; everybody gets to kick #DonaldTrump in the nuts! Please note 1 kick per person only! #BidenHarrisToSaveAmerica #VoteBlueToSaveOurDemocracy,Illinois,Biden
,,,,
Conservative Tribune,"ğŸ‡ºğŸ‡¸Commentary by The Western Journal
Editor-in-Chief - @georgeupper
Deputy Managing Editor, Assignment - @josh_manning
Read more at @westjournalism",Ice Cube is teaming up to work with President Trump in developing The Platinum Plan. #2020election #AfricanAmericans #BlackAmerican #DiamondandSilk #DonaldTrump #featuredonWJLive #politics #race #TWJReports #USnews https://t.co/XFkzWFMbK0,,Trump
ClauMorales,No DM por favor.,"@maries_trella @CarmenAColeman @hugoventura @marvinicio @MicaelaTacconi Otro jonrÃ³n de #Trump. ğŸ‘ŠğŸ»Y que no se nos olvide que ahÃ­ tambiÃ©n estÃ¡n involucrados los #ClintonCrimeFamily y #Obama, por mencionar algunos. https://t.co/w2qxZuZfT0",,Trump
,,,,
RickenRich,"Rickenbacker guitars and basses are the interest... and Military History, Generals, that kind of thing; and musings about Political conspiracies; support BrOTs","#BlacksForTrump
#BlackVoicesForTrump
#BidenIsARacist
#BlackFathersMatter
#BlackVotersMatter
Vote @GOP down ticket &amp; give #Trump somebody to work with
#DemocratsAreDestroyingAmerica https://t.co/fiqQfIhJgi",California,Biden
Florida Public Affairs Consultants,#PublicAffairs #Government #Legislature #Communications #PublicRelations #PR #Graphics #SocialMedia #Content #Marketing #Advertising,"@ChrisDJackson New respect here for @Scaramucci.

The vile, hateful ugliness of #Trumpâ€™s #LawAndOrder America.",Florida,Trump
Therese Flanagan ğŸŒŠ ğŸ³ï¸â€ğŸŒˆâœŠ,I read; I write; I shoot photos. Chocolate is involved. There is also coffee and ale. #WarrenDem #TheResistance #BlueWave ğŸŒŠ #FreePress #BlackLivesMatter,"Who does #trump owe 420 million dollars to? What are the terms? Who is #DonaldTrump beholden to? WE DEMAND TO KNOW!
#TrumpIsANationalSecurityRisk
#FollowTheMoney
#TrumpTaxCheat
#TrumpTaxFraud",Illinois,Trump
Bente petersen,"i am from Denmark
65 & women.
i love animals â¤ï¸ â¤ï¸â¤ï¸â¤ï¸ â¤ï¸
got
4 resqued cats & 3 resqued dogs
i HATE Thrump ğŸ¤®ğŸ¤®ğŸ¤®ğŸ¤®ğŸ¤®","ğŸ¤š#trump's the biggest Liar evner
#VoteHimOut https://t.co/I5HtocsW3z",,Trump
Debra Bock,"Married, disabled Mom w/2 GREAT sons.
Medical & legal experience.
Fights for the little guy, downtrodden & working class.
â¤America, equality & humanity","#JimJordan, #DevinNunes, #MattGaetz, #JohnCornyn, #BillBarr, #DonaldTrump &amp; the rest who railed about it, should be indicted &amp; go to jail for perpetuating a fraud against the #American people over the perfectly legal ""unmasking"" of General Flynn.
They make me sick!

#LockThemUp! https://t.co/m7XSsW58eh",New Jersey,Trump
,,,,
Berry,"Christian Pro-Life Conservative, BS Electrical Engineering @UCF, Real Estate Investor.",@icecube good for you. @TheDemocrats only care if you toe the line and follow their narrative. They do not care if they help the under served as they claim. #DonaldTrump policies helped black America and they cannot give him any credit. @TheDemocrats policies have never helped! https://t.co/jsPC0HjIXZ,,Trump
Dino0726,Against Stupid; Against anarchy; Against BLM and Antifa; Pro-Life; Christian; Wife; Mother of two; Grandmother (MeMe) of five; Obsessed with politics,@DavidJHarrisJr #DemsAreCorrupt #Trump #FourMoreYears https://t.co/uH11Hb1DdH,,Neutre
thelaughmakers@gmail.com,"Attorney, TV comedy writer, author of THE LAUGH MAKERS: A Tribute to Bob Hope's Gag Writers, multi media show ""Bob Hope Backstage.""Instructor at https://t.co/34cEoBAeiw","#TheWeek: ""#Trump in Penn: ""I saved suburbia. I got rid of a regulation that was a disaster and it was really unfair and it's gotten a lot worse under Obama and Biden. You damn well better vote for me Pennsylvania, you better vote."" But he never did identify the 'regulation.' https://t.co/7CX0PBJ2hA",California,Neutre
CitizenTaylor,"Lifelong Democrat. Joe Biden for President 2020,
Anti-Trump, proud member of the coastal elite. Truthteller to the nation's #Deplorables.","#TheReidOut

Am I suppose to feel badly for @OMAROSA? Isn't she the person who once claimed #Trump critics would have to bow at the feet of Donald? Sorry the snakes deserve one another.

@JoyAnnReid",District of Columbia,Biden
BIBLE MAN âœï¸ Jesus' Rapture The Last Day John 6:40,Jesus' #Rapture Prophecy The Last Day. This is the only correct explication of the Rapture ever published. https://t.co/qvS2JBo4l4,#Trump is tearing up #Biden at the #TrumpRally over the #HunterBidenEmails,California,Neutre
,,,,
Refragium,I call balls and strikes.,https://t.co/7Wu52qsofx @realDonaldTrump #Election2020 #Trump,,Trump
It Is Merely Me,"If you can't feed 100 people then feed just one.

#SaveTheEarth #ClimateChange #ClimateAction
ğŸ‡±ğŸ‡·âš–ğŸ—½ğŸŒ
#Resist #VoteBlue","#DonaldTrump is a liar.
#TrumpRallyDesMoines https://t.co/me4dqasCWU",,Trump
snarke,"Will mock for food! Freelance writer, blogger, commentator. Civics nerd. She/Her",I have lost track of what #Trump is talking about. So has Trump.,Oregon,Trump
,,,,
Nice_Guy ğŸ¤¨ ğŸ³ï¸â€ğŸŒˆ âœŒï¸ğŸ³ï¸,Irgendwas mit IT. Antifaschist. #Love #PeaceâœŒï¸ #NoWarğŸ³ï¸ #niemalsAfD,"@NegarMortazavi #tRump is according to his niece a metally sick person. How can you ask such a mental case to behave as a feeling person?

#tRump ist the -&gt; Pest Of The United States",,Trump
Inconvenient Truth ğŸŒŠğŸŒŠğŸŒŠ,Spreading the #Truth. #ScienceMatters. #TrumpLiesAmericansDIE.  #VOTE #TrumpCrimeFamily OUT on #ElectionDay,#Trump  SH-T  Show ğŸ‘‡ğŸ‘‡ğŸ‘‡ğŸ‘‡ https://t.co/nE2OifBXmH,,Trump
John MacDonald for the People,"Father, veteran, veteran's advocate, former candidate for MA State Senate, weekly columnist for the Lowell Sun, Fitchburg Sentinel , an American Patriot .",A simple question. Who are you voting for? #2020Election #DonaldTrump #JoeBiden #uspoli #mapoli,Massachusetts,Neutre
Kevin Rissmiller ğŸ‡ºğŸ‡¸ ğŸƒ The Famous Celebrity,"Author, Public Figure, Actor, Musician, Public Speaker, Comedian, Scientist & more","We don't need no education

WE DON'T NEED NO THOUGHT CONTROLğŸ¶

ALL AND ALL IT'S JUST ANOTHER BRICK IN...ğŸ¶

TRUMP'S WALL ğŸ¶ğŸ‡ºğŸ‡¸

#realDonaldTrump @realDonaldTrump @DonaldJTrumpJr #DonaldTrumpJr #Debates2020 #Debate2020 #DonaldTrump #TrumpPence2020 #FoxNews #CNN #Trump2020Landslide",Florida,Trump
ğŸ“¢Say It Loud!ğŸ“¢,"Nothin special just ur erâ€™day unapologetic,angry,black,politickin PTSD havin CombatVet chick-donâ€™t want none donâ€™t start none~Play2win #ADOS #BLM #NFAC #WeReady",@glennkirschner2 So basically the American experiment has failed ; we have no power we are just at the mercy to theses people .. not just Trump but the people who are down for his agenda ; because letâ€™s not pretend #Trump hasnâ€™t done anything that the isnâ€™t on the GOPâ€™s wish list ..,Illinois,Trump
LadeeBlogher,Writing and Music are my passion.   Infotainment Blogger. IG:LadeeBlogHer FB:@ladeeblogher,#HipHop legend #IceCube seems to now  be team #DonaldTrump. Thoughts? https://t.co/V4pbCSCCmq,,Trump
Bret Lincoln,Here supporting POTUS45 against the Liberal machine and the MSM worshipping degenerates - Father of triplet boys - Actor @HauntedOverload,#hunterbiden trending on all social media and credible news outlets and hereâ€™s #cnn showing their  â€œCoronavirus Crisisâ€ fear mongering bit.. this is why youâ€™re the epitome of fake news #trump2020 #DonaldTrump #coronavirus #CNNFakeNews @realDonaldTrump @DonaldJTrumpJr @DC_Draino,New Hampshire,Trump
,,,,
Diane Harris,"ğŸŒŠğŸŒŠğŸŒŠAmbassador For Christ,
Proud Mother and Grandmother,
Army Vet, I CO 227th AVN Hanau, Germany
35K Avionic Mechanic
Disabled Deputy Sheriff. No DMs Please.",#DonaldTrump #TheInfected @POTUS is a doofus who will fall for anything and lie about everything. https://t.co/2wRI16XbbQ,Pennsylvania,Trump
Michael Tracewell,"Striving to be a great dad for my daughter and servant to my clients & community through my Company, Rotary & Church.",Remember that time? #covid #covid19 #donaldtrump #trump #trumptrain #trump2020ğŸ‡ºğŸ‡¸ #MAGA  #america https://t.co/AROsrF7Wp7,California,Trump
Blake- The Honest American Patriot ğŸ‡ºğŸ‡¸ğŸ‡ºğŸ‡¸ğŸ‡ºğŸ‡¸,Dad -- Professor -- Conservative Constitutionalist -- Messianic Jew -- Political Writer Honest American News -- #ProLife #ProTrump #ProAmerica #ProLiberty,"Did Twitter block me for screenshotting the Hunter Biden Story?? If you can see this follow &amp; retweet my Hunter Biden screenshots!!

help this Texas patriot get more followers to get the News to people!

#Trump
#TrumpTrain
#TrumpPence2020",Texas,Neutre
SaintsChick889,"Live, Laugh, Love",#NorthCarolina #ncpol #Trump #CBP #USBP #StoppingTheIllegalFlowOfDrugs #SavingAmericanLives #GreatWorkCBP #ThankYou https://t.co/P0ZUos5PA2,,Trump
uncle Sam,iam a  bald eagle its kinda hard to write with my talons,Sounds a bit like #Trump  doesn't it https://t.co/YHJCPmtjV4,,Trump
Dino0726,Against Stupid; Against anarchy; Against BLM and Antifa; Pro-Life; Christian; Wife; Mother of two; Grandmother (MeMe) of five; Obsessed with politics,@newsmax #SleepyJoe is a bad decision #Trump #FourMoreYears https://t.co/6K3sxS1GIm,,Neutre
cheri,Many years in biopharma. Now focused on academic innovation and creating programs to prepare STEM students for life after college. Opinions are mine.,@PressSec @Twitter Americans value truth ğŸ‘‰ğŸ¾stop #trump #propaganda #lies #corruption ğŸ‘‰ğŸ¾ #VoteBiden ğŸ‘‰ğŸ¾#bankruptbillionaire = @realDonaldTrump ğŸ‘‰ğŸ¾ #fraud #TaxCheatTrump #CheaterInChief ğŸ‘‰ğŸ¾#NewJersey says #TrumpIsANationalDisgrace #TrumpCrimeFamily,,Trump
L. Norris,"Founder| EIC | Struggle Doctoral Student ğŸ’œğŸ’›ğŸ
@unpopularstyle
@unpopularStyleM unpopularmagazine@gmail.com |
Music only â¡ï¸unpopularstylemusic@gmail.com","My cousin posted this on Facebook. A message from her Doctor's office. This the BS I be talking about. THE NERVE.

#Vote #Trump #BidenHarris https://t.co/wfrYPJPdce",,Neutre
Yor â™¥ Ayl,"â™« In the howling wind comes a stinging rain
See it driving nails .. Into the souls on the tree of pain..
Running scared in the valley below â™«
â€” U2",@thehill ..   It's Common Knowledgeâ„¢ that this concerns #BabyGate #BunkerBoy- n-bitch #maga #kag  #CaptainContagious #DonaldTrump to no end .. AND realizing the PLOT to destroy the #USPS was a stupid idea  . . . https://t.co/Zo9kPiN2Rx,,Trump
GrabHimByTheBallot ğŸ—½ğŸŒŠğŸŒˆâœŠğŸ‡ºğŸ‡¸,"#BidenHarris2020
Rebuilding after being bot reported on voter information
#FBR  #NOMAGAS #EQUALITY #UNITY #COMMUNITY #ONENATION #CRIMINALJUSTICEREFORM","#Trump collusion w Russia. @GOP let him off. Stripping ACA after #Trump let CV spread, 220K dead Americans. Millions unemployed. Small businesses struggling. No CV plan.  Russia &amp; NK escalating. $430 Million owed? Taxes/financials obstructed. Voter suppression. Give AF abt Hunter https://t.co/BQNKFxwxYS",,Neutre
snarke,"Will mock for food! Freelance writer, blogger, commentator. Civics nerd. She/Her","#Trump: You don't mind if I go off script, right? This stuff is--you don't want to hear about Hunter and his millions of dollars. Where's Hunter? Is he here? Where's Hunter?

Things have gone...awry.",Oregon,Trump
La Pieta,"If you want to make the world a better place, take a look at yourself and be that change.",Good news are NOT broadcasted by fake news.  It's really sad! Thank you Mr. Trump! #DonaldTrump https://t.co/YLf75cCmqM,,Trump
,,,,
Scott Seifferlein,http://t.co/uScd2xa2,@JoeBiden #donaldtrump 4 more years!,Michigan,Neutre
Mark Burger,"Solar consultant, 21st Century 100% renewable electricity&energy, enviro justice&equity LEAF #EV user jazz microbrew distilleries RT's not necessarily support.","â€œWe have heard the Election called at midnight, Master #Trump.â€ https://t.co/aT5l2m6uDb",Illinois,Trump
Ainan Design,We are a team of highly experienced and expert designers. We draw our Bayer mind with 100% satisfaction within a very short time. Quality design is our goal.,"Hello!!
For your image background removal, retuch or resize it-

Check out our Gig on Fiverr:

https://t.co/AL75SrBXVa

#photoshop #backgroundremoval  #removebackground #Retouching  #DonaldTrump #Lowa #DesMoines #cutout #image #Crocs #Dexter #SHOWTIME #MichaelCHall
@fiverr",,Trump
JusticeForAll,A human being on fire for justice and love in this crazy world.,"Do you ever think that #Giuliani, a man who used to have a respectable reputation...is going to end up in prison? Because he's involved in too many shady enterprises..#Ukraine #Russia #Trump #Corruption #GOP #Republicans #MAGA #forged #HunterBiden @NYPost
https://t.co/QQYyHgdTJj https://t.co/MY5HOog4Ti",,Trump
Inconvenient Truth ğŸŒŠğŸŒŠğŸŒŠ,Spreading the #Truth. #ScienceMatters. #TrumpLiesAmericansDIE.  #VOTE #TrumpCrimeFamily OUT on #ElectionDay,"@charliekirk11 ğŸš¨   #TruthMatters

#Trump proved to be DANGEROUSLY Incompetent faced with #COVID19 ğŸ‘‡ğŸ‘‡ğŸ‘‡ğŸ‘‡ğŸ‘‡ğŸ‘‡ğŸ‘‡
https://t.co/lCAsOuPkiO",,Trump
Der Morgo - ğŸ˜· FantomaskeğŸ˜· - â™¿ğŸ‡©ğŸ‡ªğŸ‡ªğŸ‡º,"I'm from East Germany, GDR. I'm disabled. My hobby: Cooking. #proEU #links #peace #Frieden #sozialeGerechtigkeit @Die_Partei_TH ... Erwerbsminderungsrentner",The world would be safer with @JoeBiden as #potus and @KamalaHarris as #vp. A safer world makes #America great again. The #USA need partnerships in the world without @realDonaldTrump. #Trump wants a single powerful country. That's not possible in a global world. #votingBiden,,Biden
Election Poll Average Bot,beep boop,"State of the race in SOUTH CAROLINA as of 10/14/2020

Polling Average:

Trump 51.0% (-0.1% from yesterday)
Biden 43.8% (-0.2% from yesterday)

Win probabiity:

Trump: 88.7% (+0.3% from yesterday)
Biden: 11.3%

Source: FiveThirtyEight

#ElectionTwitter
#Election2020
#Biden #Trump",,Neutre
Mike Riddle,"I have the best wife in the world in Gina! Great kids, great grand-kids, and a good Lord that loves me no matter what. God is good, I'm a very blessed man!!!",Well #kayleighmcenany was taken off of Twitter for this post. Retweet if you will.  Censorship of Conservatives must stop. @hodgetwins #TrumpPence2020 #TrumpCoupPlot #DonaldTrump #donaldtrump2020  #KAG2020LandslideVictory #KAG #MAGA2020 #censorship @realDonaldTrump #SCOTUS #MAGA https://t.co/cFpMHJPGZb,Georgia,Trump
,,,,
Dustin L. Ellis,"Christian, Husband, Conservative! Follow me for facts not sugar coated viewpoints!",@toyboxkid_ @realDonaldTrump @HillaryClinton The point Iâ€™m making is when a credible news organization shares a story that makes any democratic look bad we are censored... But anyone and everyone can talk about #Trump and itâ€™s taken as gospel #DoubleStandards,,Trump
john P.,"social worker democrat  #RealityWinner #resist #Resistance #DefundThepolice #icantbreathe
#JusticeForFloyd #TheResistance  #MoscowMitch #WhiteSupremacist  #FBR","Forward this tweet to five people, and within 3 minutes...

FUCKING NOTHING WILL HAPPEN!!!!!

I tried it twice and it worked both times, absolutely fucking nothing happened!

#Trump",,Neutre
,,,,
Paul Cline,"""Prof. Paul"" - Serial Entrepreneur and Business, Psychology & Health/Fitness Expert. CEO at Advanced Ideas, Inc, Award Winning University Professor, Therapist,",GOP TRIES TO STEAL THE ELECTION!!! Trump urges California GOP to continue using fake â€œofficialâ€ drop boxes in spite of legal threat https://t.co/iuenjjbcgz via @Yahoo #Trump #TrumpIsALoser  #ElectionFraud #TrumpCriminal,Florida,Trump
violetrenee$ #BlackLivesMatter,"Author of sizzling hot, smart and funny novel Love, Laughter and  Lies @amazon.com.",Got something for you #MAGA #MAGA2020 #MAGA2020Landslide #Trump2020LandslideVictory #Trump @realDonaldTrump @WhiteHouse @senatemajldr @GOP https://t.co/Oa8OMRa6D3,Ohio,Trump
1 Rule Guitar,"Every day we bring you the latest guitar news, gear, lessons and the ""Tip of the Day!"" There's only 1 Rule...""Don't Sweat it Just Fret It!"" 1 Rule Guitar","""Now You're Messing with a Son of a .....!"" https://t.co/t6XVIcn57a #TommyLee #DonaldTrump #Nazareth #HairoftheDog #NowYoureMessingWithaSonofaBitch #GuitarLesson #TonyIommi #BlackSabbath #EddieVanHalen",,Trump
DevinAyresMom,"Wife, Mom, Daughter, Sister, and Friend - Looking to strengthen my belief in God and have an ability to Love others for who they are, literally.",How about an official apology from #Trump @realDonaldTrump @POTUS for #CentralParkFive how about that - we donâ€™t need #TrumpAdministration believe he ainâ€™t giving nothing! https://t.co/zYGW7I1yPk,,Trump
,,,,
Brian W. Peterson,Political columnist (on hiatus); novelist; read my political commentary at https://t.co/FTDipSEYuf; veteran of political campaigns; strict constructionist.,"Good for @kayleighmcenany. Who knew that trying to get out information from investigative journalists would be considered somehow harmful and worthy to be silenced? WHEN Pres. #Trump wins, just add #Twitter and #Facebook to the list of corrupt leftists to be investigated. https://t.co/EkFeHIFkNt",Missouri,Trump
The Guardian English,"News, sports, entertainment, magazine website.","Who is leading? Trump or baiden!
Follow the link to know!
https://t.co/2kaIBbxqAr
#USA #USPresidentialElections2020 #USElection #USElection2020 #TrumpCovid19 #trump #JoeBiden #USElectionDialogues #Election2020 #Elections2020 #ElectionDay #Trump2020",,Trump
DUMP TRUMP,"Political Junkie, Ex-GOP, now Independent, disgusted by Trump Administration and #GOP who covers for him.

No DM's please.","â€˜Totally under controlâ€™: #New, #secretly-#filmed #documentary details #Trumpâ€™s #COLOSSAL
#COVID19 #FAILURES.

https://t.co/WxAkzCT2U0

""The experts featured in the trailer &amp; film make clear that while the U.S. had at  its disposal every #resource it #needed to #SAVE hundreds of..",,Trump
DUMP TRUMP,"Political Junkie, Ex-GOP, now Independent, disgusted by Trump Administration and #GOP who covers for him.

No DM's please.","was #ousted from his #role at the #Health and #HumanServicesDepartment after #objecting to #Trumpâ€™s Covid-19 #response. â€œThe plan was in front of us but #LEADERSHIP would NOT do it. It is time to lay our careers on the line and #push #back.â€

Kinda #LATE, isn't it?",,Trump
BrooklynMarylee,"liberal New Yorker, person of faith",#Relapse or did #Trump just run out of drugs?  either way -- back to the basement for Trump https://t.co/9cR5fz9OoZ,New York,Trump
Pansan Pen åŠå±±ç­†è«‡,life is not worth living without freedom,"Biden for (p)resident
Trump fo(u)r more years

#DonaldTrump #JoeBiden #Election2020 https://t.co/0iUphtSbR9",,Neutre
EMERGENCYCOVID,Please people who does not have job or enough money for going through COVID19. Don't be selfish and also think about people who has family but not money to eat.,"https://t.co/iIMcJCr8yI
#TRUMP #coronavirus
@ChiaraFerragni @BarackObama",,Trump
The Doctah,A mad doctors musings of all things Movies but since itâ€™s an important election switching to Politics.,"@icecube You donâ€™t trust â€˜none of themâ€™ (Presidential Candidates) but youâ€™re let #Trump straight up play you! I Guess â€œtoday â€˜wasnâ€™tâ€™ a good day!â€ We all hate politics but Trump is on another level of absurdity. If you donâ€™t see that, then you havenâ€™t been paying enough attention.",,Trump
Ex- Republican,Biden/Harris Landside 2020 ğŸŒŠğŸ‡ºğŸ‡¸ğŸŒŠ,"@maddow #AmyConeyBarrett can remember case after case but can NOT remember if she has seen any of #Trump's crazy tweets about Obamacare, his State of the Union, and if she ever voted by mail. She's like #Pence... A fake Christian who can lie with such grace.
#VoteThemAllOut #VoteBiden",,Biden
Joe Levija,"I am a Husband, father of 2 wonderful kids, full time worker and owner of @pleasurerated and help with wife's etsy business Mitmouseboutique.",@JoeBiden #BidenHarris2020 #DonaldTrump #HunterBiden https://t.co/tBDFpoEdzX,Massachusetts,Biden
Jeffrey  Kennedy,"Thoughful, rebellious, free thinker, easy going with a dose of cynicism. Life is too short to not live in the way you want. Go Crows",@hughriminton All off #Trump merchandise is made in China. I don't know why nobody doesn't take him on over it. It's the most obvious way that #MAGA is a JOKE.,,Trump
MoClarker,Media Maven/Scientist/Fan O Fauci,@CNN @andersoncooper How many #Trump young  #MAGArats come into contact with older people? Answer: All except those with a private entrance into their parents basement.,Michigan,Trump
Farris Flagg,#BidenHarris2020 #JoeBiden2020 #KamalaHarrisForVP #IStandWithEllen @KamalaHarris @JoeBiden #TeamJoe #KHive #BidenHarris2020ToSaveAmerica,@thereidout @OMAROSA You knew #Trump was dangerous for our country when you signed up for his administration! So.... https://t.co/jrUt9tPMZN,California,Biden
,,,,
Janet Werner,"UH  B.S. in Technology TRDE '90,
UH M.S. in Technology OCTE '93,
OLLU  MBA '96 (emphasis in Strategic Planning)","#HealthAlertâ€¼ï¸ğŸš¨ #Trump #COVID19 #SuperSpreader #Greenville #NorthCarolina #BoycottGreenvilleNCâ€¼ï¸ #GrabYourWallet
@womensmarch @Women4Biden @MarchForScience
@March4RLivesLA @MarchForTruth17

@GreenvilleNC @pjconnellync @ncdhhs @VisitGreenville @GvilleChamber
#TrumpToll 221,798",Texas,Neutre
Travis â€œVote Blue 2020â€ Leiker,Thought leader. Decision maker. Advancing communities and creating opportunity through the public sector and progressive initiatives.,"@ScottNevins @nbc @MSNBC @CNBC @NBCNewsNow @NBCUTelemundo @ABCNetwork Hereâ€™s an idea, since @NBCNews has decided to give #DonaldTrump town hall coverage across three channels, @ABC @CBSNews @CNNPolitics @bpolitics @business should carry @ABCPolitics town hall with @JoeBiden. #BidenTownHall #BidenHarrisLandslide2020 #BoycottMSNBC #2020Elections",Colorado,Biden
Donald Trot,Vote for me next Equestrian ruler! Not Crooked Clopton.,TO ALL ILLEGAL IMMIGRANTS I SAY THEE NEIGH #DonaldJHoofForPresident ##trump,,Trump
Shawn Hawkins,Pvt Mil Ctr VetğŸ‡ºğŸ‡¸4 languagesğŸ´ó §ó ¢ó ¥ó ®ó §ó ¿Born &Lived in Mid East & Eastern Europe fighting radical Islamistsâš”ï¸Constitutional HardlinerğŸ‡ºğŸ‡¸#MAGA #2A #NoSharia,"Twazis says they blocked NY Post's #HunterBiden story cuz they block stories with stolen info.

Let's test their theory &amp; #Leftist agenda in protecting #Biden with the story by the #NYPost on STOLEN secret audio tapes of #Trump!

#LiberalPrivilege #MAGA
 https://t.co/bWriPoqI0d",South Carolina,Trump
ğŸ³ï¸â€ğŸŒˆğŸ‘¬ğŸ³ï¸â€ğŸŒˆ Dark_Marc ğŸ³ï¸â€ğŸŒˆğŸ¦„ğŸ³ï¸â€ğŸŒˆ,Gay â€¢ A â€œMentally Deranged Unicornâ€ â€¢ #DetractorsBlocked â€¢ I suffer with Depression And Anxiety â€¢ I attempted suicide â€¢ Single For Life ğŸ’”â€¢ You Want It Darker?,"#FakePresident #DonaldTrump will continue his #COVID19 #SuperSpreaderEvent Tour, in #Iowa. Fake President Donald #Trump will be giving #TrumpSupporters COVID-19 #KoolAid in Iowa, on #Wednesday #October 14, 2020 https://t.co/5QQmHrJe7Z",New Jersey,Trump
ğŸ•Vet Eric ManğŸ•,"((( Vet Eric Manuel Ortiz ))) Says, please, Support a Disable Social Media Vetrepreneur to encourage success, inspiration, financial independence & empowerment.","https://t.co/pvSoVr81Bp #DonaldTrumpğŸ‘± is #NotFit to be #POTUSğŸ¦…ğŸ‡ºğŸ‡¸ ğŸ¦…because he exploited #Elderly ğŸ§“ğŸ§‘â€ğŸ¦³for #Deceptive #PhotoShopğŸ“¸#Ops, blanded #POW / #MIA / #KIA #VeteransğŸ–ï¸ğŸ‘²ğŸ–ï¸ as #Suckers &amp; mocked #Disabled #Persons ğŸ‘©â€ğŸ¦¯ğŸ§‘â€ğŸ¦¯&amp; #People on #WheelChairs ğŸ‘©â€ğŸ¦½ğŸ‘¨â€ğŸ¦¼ who're Protected by #ADAğŸ‘©â€ğŸ¦½",Oregon,Trump
Traci Morrison #DemCastFL,"I am open minded, but opinionated.  I am an optimist, but I'm not blind.   Facts & truth are my tools to stay sane through all the insanity! #FLDEM #UniteBlue",@TwitterMoments Do we have PROOF that #Trump tested negative or is it just his word?,Florida,Trump
,,,,
,,,,
Beefer Sutherland,"#Bitcoin #Crypto #Defi #StartupLife #Tech #Drones #FPV #Dolphins #Heat #Canes - And much, much more!!","So itâ€™s official? The #Trump administrationâ€™s strategy to end the pandemic is fucking herd immunity? Theyâ€™ve been denying this for months, but you could see this was the plan from the start. Hence no PPE production, no national mask mandates. This is so wrong. Millions can die",,Trump
,,,,
R1ch1e5,I have a severe allergy to Torys - itâ€™s called humanity #BidenHarris #FBPE #FBR 3.5% #FBSI #Rewild for all our futures ğŸŒ±,"#Trump and #Johnson practice photo shoot went very well today.

#LookIntoMyCrystalBall
â¬‡ï¸ https://t.co/ssclSOHmm7",Texas,Biden
PammyDeeğŸ’–ğŸ’š #BidenHarris2020,Happy as can Be #votebluenomatterwho #Resist Musicologist #Demforlife â˜„ï¸ğŸŒ,#Cube is a #trump tool!!!! How his legacy will read after this!!! Everything good flushed behind #trump!!!! https://t.co/0yvb5HnxT9,Georgia,Trump
cLovis Buford,"Raconteur , social provocateur . Texan  This dumpster was on fire when i got here . political opinions free , rates more reasonable.",@JohnCornyn How many times did you vote against the ACA ? Over 20 at least. You are tied at the hip to #Trump and deserve to lose. You haven't looked after TX for a long time . We might lose health care cuz of you #TxDeservesBetter #VoteThemAllOut #BirdsOfAFeather #txlege #MJHegarForTX,,Trump
Rev. Al,Poor but Happy Democrat.,I will take child named #Biden with #JoeBiden blood over a child named Trump with #DonaldTrump blood any day of the week. https://t.co/AL4gumlKkW,,Biden
steve hall,"Dad, husband, and foodie. The order varies day to day. #clt #ncpol #nc #ethics #equity | was @being_steve, until twitter suspended that account","How does anyone read this, know itâ€™s sincere, then side with #trump on any race- or police-related matter?

cc @icecube https://t.co/Sp8XBcfceN",,Trump
NormallyCivilizedDawn,"Compassionate liberal but don't fvck with me, anti #racist, #WOC,  #conscious in the real sense, #Resist, #VoteBlue, âœ, Ally, Gardener, DesignerğŸ¶ğŸ¨",@TinTinResists @KatrinaHagen2 @marcorubio Incompetent. Just like everyone else involved in the #trump clown car. #VoteBiden,,Neutre
Inconvenient Truth ğŸŒŠğŸŒŠğŸŒŠ,Spreading the #Truth. #ScienceMatters. #TrumpLiesAmericansDIE.  #VOTE #TrumpCrimeFamily OUT on #ElectionDay,"@thebradfordfile #TRUMP &amp; Enablers Need to Face the CONSEQUENCEs of his **FAILED** #COVID19 Response ğŸ‘‡ğŸ‘‡ğŸ‘‡ğŸ‘‡ğŸ‘‡ğŸ‘‡ğŸ‘‡
https://t.co/fmush7UFtl",,Trump
snarke,"Will mock for food! Freelance writer, blogger, commentator. Civics nerd. She/Her","#Trump: One of the most important issues for Iowa is...that thing with Ethanol, you remember Ethanol? Biden wants to get rid of fossil fuels! And Kamala and did Pence beat her or what? He just wiped the floor with her. We fought hard to keep ethanol going in the pandemic!

What?",Oregon,Biden
Christian Coalition of Voters,"Geared to hold accountable the so-called #ChristainPoliticians. The #Democrats pride themselves being progressive, they are the opposite. #MAGA2020 #VoteRed.","@andrewravin @OD_ant Nobody was more experienced that Hillary Clinton and she couldn't handle #DonaldTrump. Yes Biden is weak, #Limited where the Trump administration is strong and #Limitless",Texas,Trump
HappinessToy,"https://t.co/5lIYmF1Kg4, buy your happiness and joy","""Believe it or not, #Biden will be the next President of the United States.  #Trump lost the election already due to #COVID19.""

That's just a prediction.  No one knows the future.  We try to predict it to feel larger than life.  Unafraid of being wrong.

https://t.co/AMurxRsiFX",,Neutre
Sandeep Patel,"Villager, Molecular Biology from UC Berkeley, MBA from the Wharton School, living the American dream. A cricket fanatic.",#MAGA2020 #KAG2020 #KAG #MAGA #Trump2020 #Trump #TrumpKillsUs #TrumpIsNotWell #VetsAgainstTrump #Veteran #VeteransForTrump #LindseyMustGo #LadyG #MoscowMitch #MoscowMitchTraitor #MitchMcConnell #LindseyGraham https://t.co/hdF2EXdb8P,California,Trump
,,,,
,,,,
Joyce DiGuglielmo,"Twin, wife, Mom, Mom-Momâ˜• ğŸš¬ #M4A #GND ğŸ’Ÿ Bernie's policies voting for #Biden2020 unenthusiastically",@Robbins17Chris Ditto. It's the #TrumpEffect. Anyone compared to #Trump looks good.,,Biden
malcolm cowing,Retired former Managing Partner of marcoms agency.,#Trump has been banging on about the #China #Biden  connection from the outset but was played down by #MSM as usual! https://t.co/SiqWtxj66d,Virginia,Neutre
SouthernSassafrass â­ğŸ‡ºğŸ‡²ğŸ‡ºğŸ‡²ğŸ‡ºğŸ‡²â­,"Opinionated Southern smart ass, sports fan, marketing's my gig, I cuss...a bunch. â™¥ USA Freedom, Patriots.","Thought you might want this for a lawsuit.  I tried to tweet out the link from the NY Post article &amp; was shown this.  Twitter &amp; partners?  Who are their partners? Also, I couldn't even save the tweet as a draft. Had to discard completely @realDonaldTrump @DonaldJTrumpJr  #Trump https://t.co/mBbCiV5o2z",Florida,Trump
Joe Openshaw,"Community activist and gay activist, equality, and environment",Which fly gets #Trump? https://t.co/PzBr7vT4wN,Alabama,Trump
,,,,
Actionnow1ğŸ‡ºğŸ‡¸ğŸŒŠğŸŒŠğŸ’§ğŸ’™ğŸŒˆğŸ•ŠğŸ—½ğŸ•†ğŸ‹ğŸ³ FBR  bluewave,"God's babies and children ripped from their parents.Put in cages and tents. This is not what USA stands for!
Get these babies reunited back.ğŸ˜¢
#resist #bluewave",@Acosta Hey #trump you #POS U got a kid home #tested #positive 4 #COVID19 #COVID19  &amp; your at your own #mass #superspreader #rally!No fkn shock #pathetic &amp; anyone #Suppose 2 B A #Patriot would never be ok w none of it or support it! #Hypocrites talked about ##immigrants #pathetic,,Trump
JusticeForAll,A human being on fire for justice and love in this crazy world.,#FoxNews #GOP #Trump #Giuliani #Republicans #MAGA #Conservatives #Corruption #Fakeharddrive #Ukraine #Russia https://t.co/vW6CAkA0X2,,Trump
,,,,
America For Trump,#PresidentTrump = #MAGA ğŸ‘ #GodBlessAmerica ğŸ‡ºğŸ‡¸ #AmericaFirst #Trump2020 #Trump2020LandslideVictory #Winning #KAG #WakeUpAmerica #Faith #Jesus ğŸ•† #LifeIsGood,"Once #Trump is re-elected the #media #fakenews #Msm #SocialMedia will lose it &amp; real Americans can't wait!
#Trump2020LandslideVictory
#2TermPresident #4MoreYears #Winning",,Trump
Paul AmanğŸŒŠ,"Oscars/Hollywood lover, Sci-Fi/Horror TV geek. Mostly harmless. #BidenHarris2020 ğŸ’™","@PressSec @Twitter Stop spreading lies and they wonâ€™t lock you out. But you decided to work for #Trump. You, dearie, are NOT above the law.",Illinois,Biden
Matthew Schaefer,"Conservative #Catholic family man. #StXavier HS grad  Fan of #Reds, #Browns, & #Bengals.  LOVE #MLB. #Heritageaction #HeritageSentinel #AMDG",#CongressmanMassie (#ThomasMassie) on #coronavirus #governmentmandates #Trump #SCOTUS #AmyConeyBarrett #democracy v #republic... https://t.co/NaLMRV6LKI,Ohio,Trump
,,,,
NewsToter.com,"Black News and Entertainment Portal that gives you the latest on black culture, lifestyle, sports, politics, entertainment, music, and much more",#Trump Promises â€œ#PlatinumPlanâ€ for Black Americans https://t.co/NA7FQR4xha,Florida,Trump
GrandmaAnna,"Planet & Animal Lover, HATER of Animal abusers. More n more Humans are showing MAN is the lowest species on Earth!",#Trump #Trump2020 is truly a disgusting ğŸ¤® human! Watch The 11th Hour With Brian Williams Highlights: October 13 | MSNBC https://t.co/mvz00aVDRT via @YouTube #VoteHimOut2020 #VoteBlueDownBallot,,Trump
doubleL,They decry: borders/walls & live behind theirs; 2A/Police & keep their sec while YOU get riots ;Prvt insur while they keep theirs.,Hey @Twitter @Facebook  @PaulaReidCBS @NicolleDWallace @wolfblitzer @weijia @PeterAlexander @brikeilarcnn @AprilDRyan @kaitlancollins..ğŸ–•ğŸ»Did you censor the #SteeleDossier or Stolen #Trump tax info? #EnemyOfThePeople You will lose. You will be defeated. #TrumpLandslideVictory2020,,Trump
,,,,
Dianne Barr,"Conservative, Christian, #MAGA ğŸ‡ºğŸ‡¸ğŸ‡ºğŸ‡¸â¤ï¸â¤ï¸professional, #TRUMP supporterğŸ‘drain the swamp, build the wall, TRUMP 2020",@TNSociallyMissy #Trump Fl,,Trump
Athena_Speaks,Historian. Philosopher. Feminist. Advocate. Human. #VoteBlueNoMatterWho #BidenHarris2020 #WearADamnMask #BeKind,"#TrumpVirusDeathToll275K &amp; rising when all #Americans killed by #TrumpVirus are counted. #Trump &amp; #GOPDeathCult have been hiding #Covid deaths as pneumonia cases for months-see TX, FL, etc. People died alone &amp; scared, without family. #ProsecuteThemAll #VoteBidenHarris #VoteBlue https://t.co/AYnI8vsWoi",,Biden
t Logan,"I Really am a nice person,  but Trump makes my horns show!","#BoycottNBCTownHall
Don't give Trump the numbers his ego craves!!
#Trump it's all about HIM!!
#TrumpProjection
#America
#AmericaOrTrump
#AmericaNeedsPennsylvania
#Dump reckless #Trump
#TrumpIsALaughingStock
#TrumpVirusDeathToll215K
#TrumpCrimeFamily
#TrumpTaxes https://t.co/UycJdbqzHd",,Trump
"Emily Tracy in Breck ""Wear a Mask"" for you & me","Forward-thinking, action-oriented. @ClimateReality Leader. #ClimateCrisis #ActOnClimate",#Trump is running against the #sane world. https://t.co/qfMQ4jADbP,Colorado,Trump
,,,,
Progressivelibe,"LOVE LIFE.WE ARE DEMOCRATS WHO DREAM.
trump must go
#maddow #DEMS2020 #IMPEACH
#HEALTHCARE4ALL
#resist
(allpostjustcrapweheard)snark. #notabirdieijusttweetalot","@AP To normalize this is aiding a crime.#trump is a criminal,#illegitmate,traitor,&amp; he and the gop are #conspiritors,reoffending #stealingscotusseats,&amp; more. Vehemently expressed public outrage &amp; drastic roadblocks to this 4 year long travesty of #justice are needed asap.Shut it down",,Neutre
,,,,
Russell Imrie,takes on world & sec events UC NDN research and web info BTWN reality and deafness am #ShockedShocked,"@stephbarlow2 @JoshSchwerin @soledadobrien Disclaimer, totally support dems this #Election2020 but will watch #Trump #FlameShow to nurture the paranoia #Confidence in #JoeBiden lets me do this - itâ€™s not all media numbers, itâ€™s real",Virginia,Biden
Dorothy Canzano (#whitesshouldknow) Beach,"Fights for #ERA, racial equality | she/her | scientist | interest in #ClimateCrisis,art,politics,future of...| pissed off at #complicitGOP | #wearamask #Vote",#TrumpAttacksBlackWomen Let #DonaldTrump speak on his behalf: https://t.co/d3YlVh7Qun,Ohio,Trump
"Elaine McFadden, MPH","Elaine McFadden, MPH, RD Host Smart Health Talk KCAA Radio 106.5 FM Tuesday's 4:00 PM PST Listen on radio, internet, cell. More nutritional bang for your buck.","Court stops the #census &amp; now landlords can throw people out in the streets even w/lack of Federal gov't passing a stimulus so people can stay in their homes. #Trump has tried to cover up his failures with taxpayer funding many times before, why not now? Help real estate buddies? https://t.co/HsSYoxv7mr",California,Trump
Pierre LaFontaine,"Trying to Make Sense in a World of Contradictions. Some Sarcasm, Some Parody, Lot's of Truth.


Remember:
Every Avalanche begins with a few Snowflakes","@LaylaAlisha11 @SarahBr42582476 @VFL2013 @realDonaldTrump @ELiss865 @Debrennie2 @billez62 @Shortycake70 @timburchett @Melski1 @AppSame @DonnaWR8 @LVNancy @hrenee80 #PromisesMadePromisesKept?
No Wall
No healthcare plan
North Korea still has nukes
Troops still in Iraq &amp; Afghanistan
#Trump failed to protect wife &amp; Son from #COVID19
.@ABCPolitics .@CBSPolitics .@NBCPolitics .@KatyTurNBC .@jaketapper .@wolfblitzer .@FiringLineShow .@npratc",,Trump
Inconvenient Truth ğŸŒŠğŸŒŠğŸŒŠ,Spreading the #Truth. #ScienceMatters. #TrumpLiesAmericansDIE.  #VOTE #TrumpCrimeFamily OUT on #ElectionDay,"@JasonMillerinDC #TRUMP &amp; Enablers Need to Face the CONSEQUENCEs of his **FAILED** #COVID19 Response ğŸ‘‡ğŸ‘‡ğŸ‘‡ğŸ‘‡ğŸ‘‡ğŸ‘‡ğŸ‘‡
https://t.co/fmush7UFtl",,Trump
Jamieo,"Don't know what I am. Can lean left and right, progressive and regressive, moderate and immoderate, right and wrong. All is subject to change.","@MeidasTouch He can not even wing it. #Trump is in a very bad way. However, there is a silver lining here, he hasn't a clue how truly bad he really is. Dementia can have a merciful side.",Pennsylvania,Trump
Derin DÃ¼ÅŸÃ¼nce .Org,Zihinler iÅŸgal altÄ±ndayken vatanÄ±nÄ± kurtaramazsÄ±n... Derin LÃ¼gat'Ä± oku ve paylaÅŸ: https://t.co/TEgXO2ZtGu,"DÃ¼nyanÄ±n bÃ¼tÃ¼n Ã¼lkelerinde defalarca darbe yapmÄ±ÅŸ olan Atlantik Ã‡etesi ""Rusya seÃ§imlerimize mÃ¼dahale ediyor"" diye aÄŸlÄ±yor... #UnitedStatesOfAgression #UnitedStates #us #usa #Election2020 #putin #Biden #Trump https://t.co/QS0x8C6Hm7",,Neutre
Pedro Gutierrez,"ğŸ‡»ğŸ‡ªğŸ‡ºğŸ‡¸Entrepreneur and founder of SHB International, living in the USA and proudly Venezuelan, I writehttp://www.sehablabeisbol.usHcFR","The President @realDonaldTrump got impeached for something Joe Biden did.
#DonaldTrump https://t.co/zfbyHrQvgB",Illinois,Neutre
DLass,"ğŸ—½ Constitution, politics, music, pizzaiolo. ğŸ‘¨â€ğŸ³ ğŸˆ ğŸ¥ ğŸ•",@TheMorningSpew2 @nypost Reported account for targeted harassment. #NYPost #Trump https://t.co/j5CLe0ss5u,,Trump
Americana,Independent voter for the people! Not with ANY party so do not try to label me!!!,#BidenHarris #BidenHarris #BidenHarris #BidenHarris #BidenHarris #BidenHarris #BidenHarris #BidenHarris #BidenHarris #BidenHarris #BidenHarris #BidenHarris #BidenHarris #BidenHarris #Trump OUT! #TrumpVirus,Arizona,Biden
Inconvenient Truth ğŸŒŠğŸŒŠğŸŒŠ,Spreading the #Truth. #ScienceMatters. #TrumpLiesAmericansDIE.  #VOTE #TrumpCrimeFamily OUT on #ElectionDay,"@thehill ğŸš¨ #Trump  FAILED  #America

#Trump FAILED to handle #COVID19 leading to 216,000+ DEAD #Americans.

Thereâ€™s NO end for #COVID DEATHs until at least Mid-2021.

#TRUMP is also NEGLIGENT in his response to #ClimateCrisis.

#TrumpIsACompleteFailure",,Trump
Info_Viking,"My take on the things I read in the papers, see on TV and find on the Internet.","The #regeneron people know #Trump is trying once again to politicize a #COVID19 treatment.

Look at what happened to #HydroxyChloroquine https://t.co/VVUv7q1J23",New York,Trump
snarke,"Will mock for food! Freelance writer, blogger, commentator. Civics nerd. She/Her","#Trump: I don't mind running against sleepy Joe but I wouldn't want to run against her [Amy Coney Barrett]. Please Amy, promise me you'll never run!

Goddammit, now I agree with Trump about something. 2020 is the pits.",Oregon,Neutre
AwakenedOutlawâš’ï¸,"God & Country!!! ğŸ‡ºğŸ‡¸ Believer, Father, Husband, Veteran & Patriot","Read the replies.

Note that Ice Cube is signing on to help consult on deploying a $500 billion fund #Trump has earmarked to assist the African American community.

But many leftists are upset because, apparently, #OrangeManBad.

This is insane. https://t.co/qRIikrqpb1",,Trump
,,,,
Brandon Boyd,I'm just here to talk to myself and hope people are listening.,"#Trumpâ€™s #COVID Response: He lied to us for months and encouraged us to live recklessly during a #pandemic, and when it got to him he received every top-tier treatment and medication to ensure his survival while our friends and family died alone. Remember that when you #vote.",District of Columbia,Trump
NJ MAGA ğŸ‡ºğŸ‡¸âœï¸,#Resisting unconstitutional globalist control of NJ.  #MAGA #KAG. Defending the American Way of Life As Founded under God!,@RealRLimbaugh Tell others how #Trump has helped you and your family and your employees!,New Jersey,Trump
Mr. Balloon Pimp,I am just a writer of simple thoughts.Everyone shares everything mindlessly I am just a nobody in a world where everyone wants to be a somebody sharing ideas.,"@drinisthebest @CBSEveningNews @weijia I think when u look at ALL the trademarks Ivanka got approved from CHINA very shortly after #Trump took office...

He is conning his voters &amp; most are willing to let themselves be lied too...

Some people will actually let u just lie cheat and steal from them.

Its very sad",,Trump
ğŸ‘»ğŸƒLatinas _4_TrumpğŸƒğŸ‘» ğŸ‡ºğŸ‡¸Proud Supporter ğŸ‡ºğŸ‡¸,"Fellow patriots, yet again this was another attempt 2 silence our voices. I was LOCKED OUT 4 my conservative views and I lost all my followers. Follow back Tnks",#TrumpRallyIowa #MAGA #KAG #FourMoreYears #Trump #TrumpPence2020 #VoteEarly #Vote2020 #VoteInPerson = SAFER. #VoteRED2020RemoveEveryDemocrat #Democrat are destroying America!! https://t.co/B0sghpUVuC,,Trump
The Global Herald,Latest news and opinion from The Global Herald online newspaper.,SE Cupp: Trump is #Self-destructing in the eleventh hour - https://t.co/3ruESGhixL - #DonaldTrump #Election,,Trump
,,,,
Jeffrey Hester,"Retired P.E. Teacher/Football/Basketball Coach. 85% of #MEDIASUCKS. #MAGA #KAG2020 #TRUMP2020 Motorcyclist, Happily Married.",Inside Hunter Biden's murky history of business dealings in China https://t.co/BjModXIuKC via @nypost #HunterBiden #TrumpIsALaughingStock #TrumpPence2020 #Trump #JoeBiden,,Trump
Meredith Janik @msjanikgu1 (Insta),"https://t.co/72nJb9UpJ2, DC to CLE, But NYC girl born and raised, Gov.- Teacher. RPCV, COW'97, HOYA4LIFE",@OwnTheLibs4 Dream on. You'll need it because Nov. 3 will be a nightmare for #trump and #trumpers,,Trump
Travis â€œVote Blue 2020â€ Leiker,Thought leader. Decision maker. Advancing communities and creating opportunity through the public sector and progressive initiatives.,"@morningmika Great idea; since @NBCNews will give #DonaldTrump town hall coverage across all channels, @ABC @CBSNews @CNNPolitics @bpolitics @business should carry @ABCPolitics town hall with @JoeBiden. #BidenTownHall #BidenHarrisLandslide2020 #BoycottMSNBC #2020Elections #Debate2020",Colorado,Biden
Andres Vasquez,CEO https://t.co/52o2MRZY55 - https://t.co/NngqgrxbLY - https://t.co/qziyl7tkdI - Co-Fundador VP CÃ¡mara de Comercio LGBT de Colombia https://t.co/hCwCLtV7vf y https://t.co/7YYeCcb0VD,"The Evilness of human beings should be measured in TRUMPS.
.
.

#DonaldTrump #DumpTrump2020 #BidenHarrisToSaveAmerica #TrumpIsALaughingStock #BidenHarris #BidenHarris2020 #TrumpPence2020 #bidenforlatins #LatinosConBiden #VenezolanosConBiden #colombianosconbiden #cubanosconbiden",Florida,Trump
Ethan,It is never too late to be what you might have been. Get free stock by signing up here https://t.co/7QBDBEzeLX,This man is in the wrong profession! Heâ€™s a comedian! ğŸ˜‚ğŸ˜‚ğŸ˜‚ #JoeBiden #Trump https://t.co/eWmLOvYTpQ,North Carolina,Biden
Global News Report,"Flying the web for trusted world news reports and shopping discounts 24/7. Retweeting for opinions, useful information, and the many voices of Twitter.","""Product #Review: QAnon: What you need to know as this unhinged, pro-#Trump conspiracy theory grows #News"": https://t.co/Od11DoiUI8",,Trump
Travis â€œVote Blue 2020â€ Leiker,Thought leader. Decision maker. Advancing communities and creating opportunity through the public sector and progressive initiatives.,"@MSNBC @SavannahGuthrie Hereâ€™s an idea, since @NBCNews has decided to give #DonaldTrump town hall coverage across three channels, @ABC @CBSNews @CNNPolitics @bpolitics @business should carry @ABCPolitics town hall with @JoeBiden. #BidenTownHall #BidenHarrisLandslide2020 #BoycottMSNBC #2020Elections",Colorado,Biden
,,,,
Kelli Leane Riley,"Air Force Veteran, PATRIOT, QGirl",And #Trump really what's the goal. You HAVE EVERYTHING TO END THIS NOW...WHY WAIT.. https://t.co/puu2Ykvls3,,Trump
ğŸ‡ºğŸ‡¸Icabad CartmanğŸ‡ºğŸ‡¸,one californian surrounded by a bunch of stupid. Proud American. I unconditionally love my fellow patriots #MAGA #KAG #Trump #Trump2020 #TrumpTrain #A1 #1A #2A,"Election is 20 days away, what better way to deface a Biden sign then the Joe Pedo Sticker!!
Available Now at https://t.co/vppZ5PgP5E
#MAGA #Trump #Trump2020 #TrumpTrain #KAG #1A #2A #A1 #WWG1GWA https://t.co/XE7pYJUGjv",California,Trump
Debra Isaacs Schafer,"I care about work/life | working parents & caregiving | children, education & differences | nonprofits/social issues | college | food insecure & homeless youth.","These people that @Acosta is interviewing at another #Trump rally are the reason the #USA is in the situation we're in with the #coronavirus. They don't care if they die? All of them should be in one location so they can infect each other, not us. @andersoncooper @CNN",Pennsylvania,Trump
,,,,
BIBLE MAN âœï¸ Jesus' Rapture The Last Day John 6:40,Jesus' #Rapture Prophecy The Last Day. This is the only correct explication of the Rapture ever published. https://t.co/qvS2JBo4l4,@RealSaavedra @Patriotic_Storm Turn #Trump on @RSBNetwork,California,Trump
åŒšå‚çˆªä¹‡å°ºã„–N ğŸ‡¨ğŸ‡¦ğŸ§,"I coach tennis and take some pictures.
Longboarder. Pearl Jam Addiction since 91'","These 2 fucking dummies.
Lol.
#Trump
#TrumpIsALaughingStock
#TrumpCrimeFamily
#Iowa https://t.co/rGceUPu9EV",,Trump
Pierre LaFontaine,"Trying to Make Sense in a World of Contradictions. Some Sarcasm, Some Parody, Lot's of Truth.


Remember:
Every Avalanche begins with a few Snowflakes","@bblock29 @charliekirk11 #Putin supports #Trump
#VanillaISIS supports #Trump2020
#ProudBoys support #TrumpPence2020
#PromisesMadePromisesKept #KAG #MAGA #WomenForTrump #LatinosForTrump #BlacksForTrump  #Sturgis2020 .@WHPublicPool .@Yamiche .@weijia .@Acosta .@maddow .@npratc .@ABCPolitics .@PaulaReidCBS",,Trump
,,,,
innovIDrsrchr,"PID + Lupus + ID research scientist. NCSU Wolfpack sports fan, STEAM school + teacher advocate. Exploring use of social media for Pharma engagement. Foodie","Sweet 16 'super-spreader' party in New York leads to 37 coronavirus cases, $12,000 fine. #Trump brings illness and death to his family, friends, employees and @GOP voters!  He possesses the weakest character of any US President ever! https://t.co/BAAsgmfQQW",North Carolina,Trump
It Is Merely Me,"If you can't feed 100 people then feed just one.

#SaveTheEarth #ClimateChange #ClimateAction
ğŸ‡±ğŸ‡·âš–ğŸ—½ğŸŒ
#Resist #VoteBlue",#DonaldTrump #RudyGuiliani https://t.co/22RGX095N7,,Trump
OZ | Winter is coming,"Googler, Runner, Father, Sales lover, Advertising, Internet, Mobile, Strategy, Programmatic and more. Owner of my contents & you can call me -simply- Oz",The latest imPerdibles :: highlights for me! https://t.co/LPFvKnbZTo #miami #donaldtrump,Florida,Trump
ThommytheCat3,Defender of Children everywhere. Have utmost respect & love for PEOPLE OF PALESTINE! GAZA GAZA DON'T YOU CRY! PALESTINE WILL NEVER DIE! NO CONS/REPUBS OR DM's.,@Eric_OTooleMP @OrbitStudios U sound so much like #Trump!  #TrueColours for #Homer,Texas,Trump
joshua epsteinğŸ³ï¸â€ğŸŒˆğŸ––ğŸ¼ğŸ—½ğŸ‘¨ğŸ¼â€ğŸ’»ğŸ‡ºğŸ‡¸,"Gay Progressive Patriot. #NYC's the greatest city in the world. Trump's a lying, narcissistic sociopath & a racist, septic cunt.ğŸ¤¬ RTâ€™s â‰  endorsements.ğŸ³ï¸â€ğŸŒˆ",Via @RawStory: Itâ€™s been one faceplant after another as Trump and the GOP try to recreate 2016â€™s perfect storm https://t.co/4NSju3ipQw | #politics #trump #corruption,New York,Trump
,,,,
snarke,"Will mock for food! Freelance writer, blogger, commentator. Civics nerd. She/Her","#Trump: And Chuck Grassley, you don't have to worry about him! He's gonna be around forever!

Crowd: Yaaayyy?

Me: Please no.",Oregon,Trump
Eric Jinoian,Moderation is for Cowards!,"Disgusting, useless, piece of shit government of Turkey!!

#SanctionTurkey #SanctionErdogan #ShittyAssCountry #Dictator #CBS #NBC #FoxNews #TuckerCarlson #DonaldTrump #USA #HumanRights https://t.co/CETGxIFXox",California,Trump
Josh Stratton,"love cricket, America, Sweden and Portugal, love going on cruises (when i can afford), hate this virus!! Brexit, No FBPE.","Trump in IOWA making another fantastic speech to 50,000 fellow â€œProtestersâ€ ğŸ˜‚ğŸ˜‚ .... WHAT AN ABSOLUTE LEGEND ğŸ‘ğŸ‘ğŸ‘ğŸ’ª #Trump2020Landslide #Trump #Trump2020 #BidenHarrisToSaveAmerica (NOT) ... #Trump2020LandSlideVictory2020",,Neutre
Kim Randall,I'm a North American Texan American that don't mind saying what I think.I love driving around my Mercedes with the top down in a great country.,The thought of having to hear the insane ravings of #DonaldTrump for another four years is giving me an ulcer. He is a madman that thrives on attention and has to be stopped. Please Do Not Vote For Donald Trump!,Texas,Trump
JusticeForAll,A human being on fire for justice and love in this crazy world.,"I think before #WolfBlitzer or anyone with half a brain pushes #SpeakerPelosi to take a package from the #Republicans, they should have enough sense to know what's in it. They don't. She's looking out for us. They're not. Look at the 1st #stimulus. #Think #CNN @RoKhanna #Trump",,Trump
Cultura Colectiva+,Language that inspires.,.@billieeilish is making her voice heard and speaking out against President #DonaldTrump ğŸ’ªğŸ½ https://t.co/Xoj1PSkvY1,,Trump
Badczech,"Retired Chicago guy. Former IT professional. Big Blackhawks ğŸ’ fan. Cubs & Bears too. Wish we were back in the 60s. Things suck right now.
#WearAMask #VoteBlue","Some people interviewed at the #TrumpRallyIowa are defiant in the face of #coronavirus and say that they ""got to live their life"". Going to a #Trump rally is life?
Sad, people, sad.",Illinois,Trump
The world is a mess!,"Anti-Brexit, Anti-Trump, would prefer people to be nice.",Unbelievable corruption @realDonaldTrump #trump #firefighters #BlueLivesMatter #corruption #America @ProjectLincoln #GOP #TrumpIsANationalDisgrace https://t.co/79kPVYBWC5,,Trump
,,,,
t Logan,"I Really am a nice person,  but Trump makes my horns show!","Amy Coathanger Barrett
ğŸ’€â˜ ï¸ğŸ’€â˜ ï¸ğŸ’€â˜ ï¸ğŸ’€â˜ ï¸ğŸ’€
Taking women back to the 50s
#Trump it's all about HIM!!
#TrumpProjection
#America
#AmericaOrTrump
#AmericaNeedsPennsylvania
#Dump reckless #Trump
#TrumpIsALaughingStock
#TrumpVirusDeathToll215K
#TrumpCrimeFamily
#TrumpTaxes https://t.co/atPymSa25A https://t.co/xOcjYrIuCp",,Trump
Terris Muhammad,Entrepreneur; Business Consultant; Teacher; Author; Health Enthusiast; Love Exercise; Spiritual; Close to Nature; Great Dancer. Mannatech Independent Associate.,"Not all #Evangelicals believe the hype of #DonaldTrump. Evangelicals make up 1/4 of the electorate. No wonder Trump is holding up upside-down Bibles.

https://t.co/RF8vTQwzXS",Illinois,Trump
Jeffrey Hester,"Retired P.E. Teacher/Football/Basketball Coach. 85% of #MEDIASUCKS. #MAGA #KAG2020 #TRUMP2020 Motorcyclist, Happily Married.",Sen. John Kennedy: New Hunter Biden report as serious as 'four heart attacks and a stroke' https://t.co/bs6J80755l #FoxNews #HunterBiden #Trump #TrumpIsALaughingStock #JoeBiden #NYPost,,Trump
,,,,
Please VOTE,Just an American citizen who wants the best for their country.,Hey #DonaldTrump There is a 0.0000031% chance of voter fraud....,,Trump
StevedarQğŸ‡®ğŸ‡¹ğŸ‡ºğŸ‡²ğŸ†“,"Chi rinuncia alla libertÃ  per raggiungere la sicurezza, non merita nÃ© la libertÃ  nÃ© la sicurezza. (Benjamin Franklin)",@MediasetTgcom24 Se il Presidente #Trump boicotta FB e Twitter noi alleati faremo lo stesso. We trust in #Trump,,Trump
Actionnow1ğŸ‡ºğŸ‡¸ğŸŒŠğŸŒŠğŸ’§ğŸ’™ğŸŒˆğŸ•ŠğŸ—½ğŸ•†ğŸ‹ğŸ³ FBR  bluewave,"God's babies and children ripped from their parents.Put in cages and tents. This is not what USA stands for!
Get these babies reunited back.ğŸ˜¢
#resist #bluewave","#trump &amp; #maga #magots
Do #US all a #favor then just #drink the #darn #koolaid and put end to #crazy &amp; won't #spread #COVID19 #COVID19 to #innocent #people's #lives that do #care #about it!",,Trump
Refragium,I call balls and strikes.,"I wonder if they are playing this song at Trump's ""super spreader"" rallies?  https://t.co/AmZntClQeO  #Trump #Election2020 #SuperSpreaderTrump #TrumpRally",,Trump
,,,,
BLUNT,Black Lives Matter MOST!  Stop hunting African Americans!  Black Trans are most hunted.  The Post Office matters too!  Federal unemployment money is critical!,"@Grammy9175 @deb6246 WAKE UP!  The unidentified military/police people dispatched by #DonaldTrump having NOTHING to do with LAW or ORDER.  They are intimidation, against citizens paid for with tax dollars.  Trying to prosecute protesters (1st amendment protected) as FELONS is intimidation.  #CNN #GOP",,Trump
violetrenee$ #BlackLivesMatter,"Author of sizzling hot, smart and funny novel Love, Laughter and  Lies @amazon.com.","What's up with your man ğŸ¤”ğŸ¤”ğŸ¤” He can't talk, walk, breathe or think. You #MAGA #MAGA2020 #MAGA2020Landslide #Trump2020LandslideVictory #Trump @realDonaldTrump @WhiteHouse @senatemajldr https://t.co/JB6sPl332U",Ohio,Trump
The Hvnters Report,Every Day I Make A Choice To Be GratefulğŸ’» Join TopCashBackUSA and get money back on your online shoppingğŸ’° https://t.co/wcOeHzRVv0,"NEW: home business advice https://t.co/6Sb6svGjpK

#Entrepreneur #sidehustle #Trump #MAGA #Trump2020 #CloudComputing #JavaScript #MachineLearning #onlinejobs #Onlineclass #startup #BusinessTravel #linux #100DaysOfCode #serverless #DigitalMarketingTools #remotelearning #remotejobs https://t.co/EtlHogvhW9",,Trump
snarke,"Will mock for food! Freelance writer, blogger, commentator. Civics nerd. She/Her",#Trump tries to segue into talking about law enforcement but loses track halfway through the sentence and starts yelling about Biden and court packing.,Oregon,Neutre
,,,,
Gregory-Glenn Lake,"International Health Programmes
 3 Decades #HIV #Cancer
 Political + Social Wars
'Survivor & Savvy'Â®
Geo-Political Punditry
#MH17 to be Continued . . .","#NBCNews #WTF  ??

$cheduling its #Trump
$ham #townhall against #ABCNews Legit #Biden
AT #30Rock Studios ğŸ˜·

Please Disinfect #SNLğŸ¥

https://t.co/YjTpLfZ9j0 https://t.co/CddxfnAhqO",,Neutre
Jeffrey fa,"News Junkie,Bowling & Golfing are my Leisure Time Hobbies,Love to Cook!Work to Live! Focus Group Member and Puny Words are my Own! Red Sox/Pats/Bruins Fan! SRU",To all of the #Trump followers! all of the people behind him at his latest rally will have on masks to fool all of us into thinking that all of the rally attendees are wearing a Mask! They are NOT! #COVID19,,Trump
mÅ“bius â,"thinking, always thinking",#IVoted #IVotedEarly #Trump #Trump2020 #BidenHarris2020  #HillarysEmails  #ElonMusk #AvengersEndGame  https://t.co/wlxshProix,,Neutre
Sandeep Patel,"Villager, Molecular Biology from UC Berkeley, MBA from the Wharton School, living the American dream. A cricket fanatic.",#MAGA2020 #KAG2020 #KAG #MAGA #Trump2020 #Trump #TrumpKillsUs #TrumpIsNotWell #VetsAgainstTrump #Veteran #VeteransForTrump #Veteran #LindseyMustGo #MoscowMitch #MoscowMitchTraitor #MitchMcConnell #LindseyGraham https://t.co/IqBi7HariM,California,Trump
,,,,
ğŸ†ƒğŸ…¾ğŸ…½ğŸ†ˆ #WearAMask,Used to enjoy tweeting; now I have to delete most of my UNoffensive posts. canâ€™t wait til this year is over! |Atheist | Realist | Misanthrope | Survivor,"@CNN @HarrietD428 This is true!

In a related story, #CNN is facing heat for allowing #WolfBlitzer and #MaggieHaberman to continue working for #Trump and help with #2020Election.",Tennessee,Trump
MRScribe,"The empty sky, how it tricks the orange potus. Motorcyclist and Poet and Dem. Resist everyday.",So do the masked #MAGA supporters understand that the #MAGAMasks behind the #Trump stage are metaphorical in about 10 different ways? https://t.co/08BlHHCkOG,Nebraska,Trump
Athena_Speaks,Historian. Philosopher. Feminist. Advocate. Human. #VoteBlueNoMatterWho #BidenHarris2020 #WearADamnMask #BeKind,"#TrumpVirusDeathToll275K &amp; rising when all #Americans killed by #TrumpVirus are counted. #Trump &amp; #GOPDeathCult have been hiding #Covid deaths as pneumonia cases for months-see TX, FL, etc. People died alone &amp; scared, without family. #ProsecuteThemAll #VoteBidenHarris #VoteBlue https://t.co/BxeGDQkaDk",,Biden
,,,,
,,,,
t Logan,"I Really am a nice person,  but Trump makes my horns show!","@chipfranklin Amy Coathanger Barrett
ğŸ’€â˜ ï¸ğŸ’€â˜ ï¸ğŸ’€â˜ ï¸ğŸ’€â˜ ï¸ğŸ’€
Taking women back to the 50s
#Trump it's all about HIM!!
#TrumpProjection
#America
#AmericaOrTrump
#AmericaNeedsPennsylvania
#Dump reckless #Trump
#TrumpIsALaughingStock
#TrumpVirusDeathToll215K
#TrumpCrimeFamily
#TrumpTaxes https://t.co/jIjE6aBMaX",,Trump
,,,,
grammy2020,Proud #ChildofGod #Christian #Conservative #SmallBusinessOwner #wife #mother #grammy #ProLife Strong in my beliefs and ready to let anyone hear my opinions,I witnessed voter fraud in Ohio! Fighting for #Trump! Re-tweet this!!! Get this out! #Ohiovotingfraud!,,Trump
"Elaine McFadden, MPH","Elaine McFadden, MPH, RD Host Smart Health Talk KCAA Radio 106.5 FM Tuesday's 4:00 PM PST Listen on radio, internet, cell. More nutritional bang for your buck.","If #Trump can lower drug prices, why has it not done it is a fair question. https://t.co/68vwauQtrf",California,Trump
L_Lily,"Croatian patriot ğŸ‡­ğŸ‡·, Katalonija nije Å panjolska, anti globalist","#Trump is immune, recovered so quickly! #COVID19 is helpless! ğŸ˜ğŸ¥° https://t.co/Q1YynhHInU",,Trump
DTTC2020,Any and everything to do with the new movie: Donald Trump the Chosen coming out October 4th 2020!,"https://t.co/yQzQI8viY6 CAN YOU BELIEVE IT?!?! ANTIFA!! ğŸ˜¡ğŸ˜¡ğŸ˜¡

#ANTIFA #MAGA #KAG #DonaldTrump #AntifaTerrorists",,Trump
Aaron ğŸ‡ºğŸ‡¸ ğŸ‡»ğŸ‡¦ ğŸ•†,"Give a man a fish and you feed him for a day.
Deport that man because he is illegal and you don't have to feed him or his anchor babies again!","#BidenEmails reveals how #CrackHeadHunterBiden introduced Ukrainian businessman to his father, then Vice President .@JoeBiden of the .@BarackObama administration

#CrookedJoeBiden
#LiarJoeBiden
#BidenFamilyCrooks

#Trump2020
#TrumpNowMoreThanEver
#Trump

https://t.co/NmbKTCECOl",,Neutre
,,,,
,,,,
,,,,
Mrs. Hernandez-Canales,â™Šï¸ğŸ˜ˆ ğŸ’¯ğŸ‡²ğŸ‡½-ğŸ‡ºğŸ‡¸,@thehill Barrett is looking to TAKE the seat of The  #NotoriousRBG!ğŸ¤¦ğŸ»â€â™€ï¸THIS is to whom #tRuMp and the #CorruptAndComplicitGOP are giving RBG's seat to!?! Someone who Cannot even remember the 5 freedoms of the #FirstAmendment and she's a judge!?! ğŸ˜³#BidenHarrisToSaveAmerica,Arizona,Biden
Bylli Crayone,Singer/Songwriter.,"In Iowa, They are playing @PhilCollinsFeed IN THE AIR TONIGHT at a #Trump Rally  :O
#PhilCollins you okay with that ???",,Trump
B,"Politics, Comedy, Law, Science/Medicine, Music, Sports, Animals... ğŸ’œğŸ’›ğŸ¾","@realDonaldTrump @nypost Bc itâ€™s garbage #RudyColludy &amp; Co cooked up. Desperate to give Trump his Oct surprise! ğŸ˜† Extorting Zelensky failed, Rudyâ€™s Solomon plot failed, your DOJ hit jobs failed... gotta do something, right?! NYPost has no standards thus no problem printing fake or stolen shit. #Trump",,Trump
BIBLE MAN âœï¸ Jesus' Rapture The Last Day John 6:40,Jesus' #Rapture Prophecy The Last Day. This is the only correct explication of the Rapture ever published. https://t.co/qvS2JBo4l4,#DOJ would rather protect #Whitmer than #Trump! https://t.co/KsDTDaIaXC,California,Trump
Taylor White,"Blockchain Enthusiast | Visionary |
Web & GFX Design - E-Commerce - Metaphysics - Futurism - Finding Tribe","Looking at the 2016 #ElectionDay  impact on #Bitcoin  valuation, it's strange and funny to see the headlines stating #BTC ""SURGED"" a whopping $30 following the results.
I think another 4 years of #DonaldTrump could benefit the immediate price this year as well. Thoughts?",Florida,Trump
"#Maverick, #4NonniItaliani, gli altri... vedremo","Ãˆ Italiano chi ha #4NonniItaliani ...
per gli altri bisognerÃ  valutare caso per caso!

Da Italiani eravamo brava gente...
#LetsGoBackToItaly","L'aveva detto #Trump che la campagna elettorale cominciava il 15 Ottobre!
@cris_cersei @whenredisblack https://t.co/0glzFGrkHb",Florida,Trump
MaryC3,Retired editor,"Comedian #NoelCasler worked with #Trump on the tv show,  TheApprentice.
He says that #Trump #SNORTS  #Adderall to get high, then takes downers.
A couple of times a chunk of white stuff did fly from Trump's nose?? Drug issue? https://t.co/mkMFKoZ55f",New Jersey,Trump
lindameyers,traditional Indigenous Beader I am taking the summer off to build stock and try some new patterns of other Indigenous nations,Ivanka #trump why do u think they call him the Orange Clown https://t.co/PJTiRYp5aV,,Trump
snarke,"Will mock for food! Freelance writer, blogger, commentator. Civics nerd. She/Her","#Trump: They always ask me such hard questions! Everybody else gets easy, but the things they ask me, you couldn't even. It's so complicated.

In the one debate so far Trump was literally asked ""which parts of the environment do you like?""",Oregon,Trump
AmyP1229,"Wife, Mama, RN, and Dog and twin kitty Mom â¤ï¸","Not a mask to be seen in the crowd, except behind #Trump where the cameras will show. I mean, sneaky much??? ğŸ™„ https://t.co/68FNe0FaPo",,Trump
CJ ğŸ’™â„ğŸŒŠ,"Retired Psychologist. Proud Democrat. PNW girl. Mom, wife, proud sister of an Airforce Veteran. Dog Mom to a lovable, black Lab. #BidenHarris2020","@rose_recovery @JohnWDean We all are. #Trump never will. He can't piss off his buddy, Putin.",,Biden
"Caveat, but you can call me Mavis. (BidenHarris)","Fan of: Xena, OUAT, & much more.  Truth Seeker.  ğŸŒŠ VoteBlue. (No Lists please).",Might be the last time I watch @MSNBC unless they change the time of #Trump's #TownHall. https://t.co/lQpgiCpsaD,,Trump
,,,,
,,,,
Bora,"low-key a socialist

Tyler, The Creator and Yeezy stan

Every Wednesday is Woo Back Wednesday

""Ceci n'est pas une pipe.""
-RenÃ© Magritte

He/Him","i cant think of a better way for trump to show how he hates seniors, oh wait, hes killed hundreds of thousands of seniors with his disastrous pandemic response.

a covid death is a lonely one, you cant be with your family to ease your passing.

fuck #trump https://t.co/wHFl8DnKe7",New York,Trump
,,,,
Alain Dardar,I will always say it the way it is... This is the way....,@thereidout @maddow @DanRather  Should one be entitled of free health care when one goes to #trump #HerdInfection rally and ends up in #ICU Should #Medicaid use facial recognition to identify it's self-afflicted indebted recipients? https://t.co/BzzXzmw8y4,New York,Trump
,,,,
khnfri,A free man and successful small business owner that hopes he can help keep America from turning into yet another failed social democracy.,#Trump outmaneuvers Grandpa Groper #JoeBiden and liberal babies at #NBC are crying along with liberals living in mommy's basement across the country.  https://t.co/mnqGHdDZqM,,Biden
L_Lily,"Croatian patriot ğŸ‡­ğŸ‡·, Katalonija nije Å panjolska, anti globalist","@sxwxgirl1 @yashar Lock yourself, #Covid19 will get you! #Trump recovered quickly and looks very strong and healthy!",,Trump
snarke,"Will mock for food! Freelance writer, blogger, commentator. Civics nerd. She/Her","#Trump is trying to make fun of Joe wanting to raise his hand about something and then says ""I dunno about that. How about the fracking thing? Let's talk about fracking.""

You just like the word. You don't actually know what it means.",Oregon,Neutre
NormallyCivilizedDawn,"Compassionate liberal but don't fvck with me, anti #racist, #WOC,  #conscious in the real sense, #Resist, #VoteBlue, âœ, Ally, Gardener, DesignerğŸ¶ğŸ¨","@Black_Action Newsflash genius: neither Biden nor Harris lock black people up in cages, and ""Cube"" isn't advocating for Black People. Not working with #trump. He's just destroying his credibility with his own people by allowing himself to be used. #VoteBiden",,Biden
conexiÃ³n,â˜˜ï¸ perfervid | âš–ï¸ | All unfolding from the influence within â˜˜ï¸,"Under Section 230 Twitter and Facebook limit Rudy Giuliani inspired fake email published by New York Post as an effort to harm #JoeBiden, as #trump administration continues to cheat in 2020 election, hoping to protect donald trump for four more years from criminal prosecution.",,Neutre
Michael McNab,Presently dealing with lung cancer. #VoteBlue,@blueheartedly No doubt about it. Who knows what conversation #Trump had with her?,,Trump
George M Shelton Sr,"Graduated from Athens High   joined the #Marines then the #NationalGuard
#DesertStorm
#Retired
#DisabledVeteran
#blackTop1
#1SG
#GramFam
ğŸš« #trump",ğŸš«#TRUMP ğŸš«,Louisiana,Trump
God âœï¸ Bless âœï¸ America ğŸ‡ºğŸ‡¸,â€œBlessed is the nation whose God is the Lord.â€ (Psalm 33:12) @POTUS @realDonaldTrump #MAGA2020 https://t.co/pxgHBYfioR #MAGA,"President @realDonaldTrump:

â€œWith your help, your devotion, and your drive, we are going to keep on working, we are going to keep on fighting, and we are going to keep ON WINNING!

We are ONE movement, ONE people, ONE family, and ONE GLORIOUS NATION UNDER GOD!â€

#MAGA
#Trump https://t.co/l30UfLMkWx",,Trump
JKJ ğŸ§¢,"As long I understand my pocket money isn't forever, I understand my life isn't forever. Do something virtue for another, we'll remember you forever.","#MAGA RALLY IN OHIO NOW: #Trump removes his tie &amp; puts on a #MakeAmericaGreatAgain hat: ""Oh, I feel so much better!"" https://t.co/FkNa2i3hyG",,Trump
AfterBuzz TV,"The ESPN of TV Talkâ€¢Created by @MariaMenounos & @Undergaro with a vision to serve TV super-fans anytime, anywhereâ€¢Sister Networks: @bhlonline & @thepopcorntalk!","The new single from Demi Lovato, #CommanderInChief is causing quite the uproar on social media after calling out #DonaldJTrump.

@LizPerkin has everything you need to know about @ddlovato standing up for her music: https://t.co/LqttaRl47W

#DemiLovato #music #Trump",California,Trump
snarke,"Will mock for food! Freelance writer, blogger, commentator. Civics nerd. She/Her","#Trump: It's never gonna be the end for us, is it.

Crowd: *cheers*

Me: That's...ominous.",Oregon,Trump
Mai,ğŸ‡­ğŸ‡¹ Mom of FourğŸ‘©ğŸ½ğŸ‘©ğŸ½ğŸ™ğŸ¾â€â™‚ï¸ğŸ™ğŸ¾â€â™‚ï¸ğŸ’ğŸˆ Extraordinaire. Child of GOD. PhD in Filtering Fake People. CAPRICORN â™‘ï¸ Fibromyialgia #meToo  survivor,People donâ€™t realize #Trump  and the #GOP fvcked up the #country for next 100 years.  #VOTE #VoteThemAllOut,New York,Trump
B Stout,Engineer,Check out Panda paddy's video! #TikTok #Trump #TrumpSupporters #Maga #MAGA #Trump #TrumpSupporter  https://t.co/XkWagtoSBJ,,Trump
richie55,"god is 1st in my life, family unity is important
independent thinker, black conservative
no demoRats allowed #maga #trump2020
#blexit","@jack @nypost Take down the slanderous #atlantic story
Against #trump now",,Trump
,,,,
Feeling lost ?,#feelinglost? Is an end of days ministry born of the Love from above of The SUPREME BEING ....quote IN BACKGOUND BY: EW BULLINGER,#Trump #antichrist Why Trump not JFK Part 1 https://t.co/Df0E9yE8Zl via @YouTube,,Trump
Theblackgreatgatsby,"Destined to be Great, Movie Lover, Comic Friendly, Gym Enthusiast, Actor, Writer, Veteran, Creator, Boxer, Cancer Survivor","Oh Naw #IceCube
Glad youâ€™re looking to help out your people, however as #Trump would ask, â€œDid you drink the Kool-Aid?â€",District of Columbia,Trump
MAF Move,Contemporary mixed media artist/designer https://t.co/OYoFUwX52c https://t.co/qLQgoYbZce,@TheJimCornette &amp; @GreatBrianLast what is worse #Trump or #AEWâ€¦ At times the line is blurred for me.,,Trump
joe highland,this site is for highland square NEWS(akron ohio)mainly crime in the area & the morons that commit it!!!! & most likely fool akron politicians,"#twitter #censors #trump campaign to silence her re #joebiden son #hunterbiden n his #ukraine #crimes

https://t.co/JamuhKPz7g",Ohio,Biden
,,,,
Debra Bock,"Married, disabled Mom w/2 GREAT sons.
Medical & legal experience.
Fights for the little guy, downtrodden & working class.
â¤America, equality & humanity","@cajunmusicmp3 @gregpmiller This is the picture of an actively malignant, partisan Attorney General, who is using our tax dollars to sue people who have written books about the #Trump family.",New Jersey,Trump
,,,,
ğŸ‡ºğŸ‡¸,"mother, civil servant, musician, love â¤ï¸ America #MAGA","No matter how smooth #JoeBidenâ€™s voice is, he is the head of the swamp that #Trump is trying to clean up. While we struggle, those we elect collect millions &amp;live in luxury. #tweeter &amp; #facebook will profit largely in money, control &amp; power under a #BidenHarris Administration. https://t.co/8UlfcvpZkt",,Biden
khnfri,A free man and successful small business owner that hopes he can help keep America from turning into yet another failed social democracy.,They are not afraid of hearing  #Trump. They are afraid of what voters will do when they hear #Trump and realize he is telling the truth. https://t.co/6AMcHhDfwT,,Trump
David Viellard,"Gardez moi de la hiÃ©rarchie, mes Ã©lÃ¨ves je m'en occupe

#viedeprof",#Trump #Election2020 #USA #JoeBiden #Debates2020 #COVID19 https://t.co/wHS1ALSldk,,Biden
Adam Franciscoâ€™s BeFreeMySheeple.com,1x Trumpâ€™s YouTube! @adamfrancisco @befreemysheeple https://t.co/e9RYqDnRrO,"Iâ€™m on @realDonaldTrumpâ€™s YouTube!!! @TeamTrump #Trump #Trump2020 #WalkAway

https://t.co/6POLGgIOXA",New York,Trump
JusticeForAll,A human being on fire for justice and love in this crazy world.,"#WolfBlitzer didn't act like he had ""tough"" questions. He acted like he was on #FoxNews - he followed the #Trump line like he was paid. I'd like to see him talk to #StevenMnuchin1 like that...bet he wouldn't dare...He's not a #GOP messenger-he was wrong. #CNN @SpeakerPelosi",,Trump
Cynthia Buys,"I am a card carrying member of AARP, married, have 2 sons and a daughter. I am a retired Respiratory Therapist. Love music, movies, yoga, meditation, SOA fan",@funder #Trump'sTheBiggestLiarEver,,Trump
snarke,"Will mock for food! Freelance writer, blogger, commentator. Civics nerd. She/Her","#Trump talks again about suburban women and how much they don't want low income housing.

""Low income housing"" is racist asshole for ""people who aren't white.""",Oregon,Trump
Pierre LaFontaine,"Trying to Make Sense in a World of Contradictions. Some Sarcasm, Some Parody, Lot's of Truth.


Remember:
Every Avalanche begins with a few Snowflakes","@andreacitymom @JoeBiden Numbers show #Trump's failure at controlling #COVID19. Chaotic &amp; contradictory messaging doesn't help.
He didn't protect .@WhiteHouse, his wife, his son, nor himself.
.@MeetThePress .@ABCPolitics .@CBSPolitics .@NBCPolitics .@KatyTurNBC .@jaketapper .@wolfblitzer .@FiringLineShow https://t.co/2TR7tzeDiC",,Biden
Leftist Fascist,"Free speech activist.
Speech with which you disagree is NOT H8 speech. Drum Corps spoken here! On Wisconsin! Go Pack Go!","Leftism = Fascism = Democrats.
#tcot #wiright #wipolitics #UniteBlueNoMatterWho #UniteBlue #Trump #Trump2020 https://t.co/rXCiFXr8ct",,Trump
,,,,
Stuart H.,Lifelong Democrat/Retired Attorney,"@NBCNews @comcast
And all you do is report the plain vanilla news you want us to watch? But nothing about the #PUTIN-#Trump alliance?And Thursday night you are having your @POTUS on your network for a Town Hall to try to save him? https://t.co/L3Ght1VsSV",Florida,Neutre
Donna Cavanagh,"Humor entrepreneur, humorist, author,Founder https://t.co/P1Wym4T6JC @HOPress Facebook: https://t.co/X59MvP9nDvâ€¦ #resist #BidenHarris ğŸ‡ºğŸ‡¸",Another #Murdoch hack job - just like @FoxNews and spread by #trump lovers like,Pennsylvania,Biden
,,,,
E. Green,big black and beautiful,Am I the only one who see something seriously wrong will #FoxNews #FoxAndFriends the station couldn't be any more bias..Those people are a extension of whatever #Trump want out...and they put it out there...truth be d**nd...whatever happened to journalistic integrity... fake news https://t.co/EK0DcTpusE https://t.co/P6WEEvNRwJ,,Trump
Marie Jane,Tree huggin lib in Trump country. #Resist #Revolt,When asked about his sonâ€™s #Baron positive #COVID19 test #Trump responded:    Who? https://t.co/1kzXEYegDx,,Trump
,,,,
Gregory-Glenn Lake,"International Health Programmes
 3 Decades #HIV #Cancer
 Political + Social Wars
'Survivor & Savvy'Â®
Geo-Political Punditry
#MH17 to be Continued . . .","@KlausIohannis @KlausIohannis Congrats!

So #Trump of You as ğŸ˜·#Romania People $ink Under #Covid_19 - Wake Up  ğŸ¤’ https://t.co/1P5w8fpgWB",,Trump
Leonel C PeÃ±a Garcia,"#TheResistance, #BLM, #BidenHarris, Web developer, animations and digital publications.",#Trump Corruption! https://t.co/6CrjN6cLHd,,Biden
Zayn,Just livin,#Trump #TrumpPence2020 #TrumpCovid https://t.co/yuB9VKsv3v,,Trump
ğŸ‡ºğŸ‡¸RonğŸ‡ºğŸ‡¸ ğŸ“¡KC7TKEğŸ“»,"Husband.Father.Grandfather.
ğŸ‘#MAGA ğŸ‡ºğŸ‡¸Trump SupporterğŸ‡ºğŸ‡¸ from day one!ğŸ‘Œ
#KAGğŸ’¯
Amateur Radio Operator ğŸ“¡ ğŸš«DM please!ğŸ˜€Unemployed B/C COVID-19 ğŸ¦ ğŸ˜¡","@trumptrain1111 @realDonaldTrump Monster crowds everywhere #Trump goes. Do the #Democrats think for a minute these people at his #Rallies are NOT going to #VoteTrump2020 ?

#Trump2020LandslideVictory",Nevada,Trump
BillDozer Gaming,"Adult gaming streamer on Facebook. I usually stream Madden, NCAA 14 #MTGA & MORE! Might even have a few jokes for ya! https://t.co/b2c1bKZOj0",@JoeBiden #Truth #COVID19 #Trump #Biden #Harris https://t.co/zUdf09Ydxm https://t.co/GLXpSN2zCq,,Biden
,,,,
Citizen_Campbell,"B.Comm/CPA. Leans Forward, not Left or Right. Recovering Optimist. Musings on Politics, Religion, Sports, Pop Culture. Masters in Snarkcasm . I brake for Puns!",@KildayMorgan @citizengatsby This should be a big worry for the #Trump camp.,,Trump
Earth Watcher,"Curious observer of the earth, its creatures and climate. {Excuse my political posts while we vote to seat a better U.S. President.}","""The biggest documented liar in human history: #DonaldTrump https://t.co/iWOuIOdTQE",,Trump
ğŸ‡ºğŸ‡¸Adam Pridemore ğŸ‡ºğŸ‡¸,"""No! I am not Prince Hamlet, nor was meant to be ... Full of high sentence, but a bit obtuse; At times, indeed, almost ridiculous. Almost, at times, the Fool.""",Heâ€™s literally Rick-rolling America... #rickroll #trump #nevergonnagiveyouup #trolling https://t.co/6ZExUWOJaN,,Trump
peace â¤ï¸ Loveâ¤ï¸ Freedom ğŸ‡ºğŸ‡¸ğŸ‡ºğŸ‡¸ğŸ‡ºğŸ‡¸ğŸ‡ºğŸ‡¸ğŸ‡ºğŸ‡¸ ğŸš«DM,#protectouroceans #captivitykills introvert â¤ï¸momâ¤ï¸patriotâ¤ï¸ ğŸ‡ºğŸ‡¸ğŸ‡ºğŸ‡¸,@JoeBiden Vote Vote Vote #Trump,,Biden
â­ï¸texasvaqueroâ­ï¸,â­ï¸Proud Native West Texan ğŸ‡¨ğŸ‡±/ Proud AmericanğŸ‡ºğŸ‡¸/ Hitched #MAGA #KAG #Trump2020 #TexasStrong / Okla. State ğŸˆ/ O & G / Broker / Raconteurâ­ï¸,@JKCody50 Got â€˜r@done yesterday in Midland...waiting lines here too....#TRUMP 2020,Texas,Trump
Tony Pirkl,Constitutional/Fiscal Conservatarian #ExGOP #NeverTrump #TermLimits Always in awe of our Vets/LEOs Fledgling music self-producer/crappy guitar player...#NHL fan,Sure is looking like the final days of the #Trump campaign is playing out like the final scene in Thelma and Louise...,Minnesota,Trump
~Marietta,"I can tell people are judgmental
just by looking at them.","President Trump getting into something more comfortable at the MAGA rally Iowa tonight. ğŸ˜‡

#TrumpRallyIowa
#DonaldTrump https://t.co/GQAWPG18WB",,Trump
"Wynn, Pheromone Industries","CEO, LAWYER, COLLEGE PROFESSOR, AND SCHOLAR, Wynn Willard is uniquely experienced to see the big picture and explain it.","appears four more timesâ€”they say â€œWhite Houseâ€ four times. Oh, and we canâ€™t ignore these five additional references: the term â€œwhite supremacistâ€ or â€œwhite nationalistâ€ comes up five times.

How many times does â€œMuslimâ€ appear? Eight times.

#Election2020 #Trump #Conservative",,Trump
Cottonwood,"The future begins tomorrow; tomorrow never comes, so live for today.","@FoxNews Bring back the 200,000+ that have died due to #Trump negligence!!!",,Trump
MC Stretch,ğŸ¤Dj McğŸ§ #504 Born #713ğŸ¤˜ğŸ¾Raised.Eagles ğŸˆğŸ¦… RedSoxâš¾ï¸ lover.. #PremiumQuality ğŸ”« holder RIGHTS FOR ALL HUMANS!!! Politics Music Art Poetry..stretchdamc1 on ig,#TikTok #trump #BidenHarris2020 https://t.co/rXG1KOZfNh,,Biden
"Scott McLeod (he, him, his)","Associate Professor. CASTLE Founder. Blogger. Idea generator. Solution builder. Agitator. Catalyst. â€œIf the leaders donâ€™t get it, itâ€™s not going to happen.â€","Sheâ€™s anti-science like the rest of them. Surprise!

The GOP war on science continues... #waronscience #science

This is todayâ€™s GOP. #trump #gop #maga #Election2020 #VoteBlue2020 #RememberinNovember #VoteThemAllOut

VOTE BLUE. https://t.co/qF4bPESFH1",Florida,Trump
Janet Werner,"UH  B.S. in Technology TRDE '90,
UH M.S. in Technology OCTE '93,
OLLU  MBA '96 (emphasis in Strategic Planning)","#HealthAlertâ€¼ï¸ğŸš¨ #Trump #COVID19 #SuperSpreader #Williams #Arizona #BoycottWilliamsAZâ€¼ï¸ #GrabYourWallet
@womensmarch @Women4Biden @MarchForScience @March4RLivesLA @MarchForTruth17

@MayorWeiers @AZDHS @WilliamsArizona @VisitWilliams @ArizonaTourism

#TrumpToll 221,798 victims",Texas,Neutre
BB Roberson,VET. Retired. REP votinâ€™ DEM. BLM. Believer. Blessed & loved. PelotonDigitalApp+Any SpinBike. Family isnâ€™t always blood. Casual Azeroth Explorer. No Drama Mama.,#AmyConeyBarrett is the crown #tRump gem in #stacking the #SupremeCourt to win 2020 if there isnâ€™t a #BlueTsunami #DumpTrump2020,,Trump
Brian Scott McFadden,"My views are a mindless amalgamation of logical inconsistency, ideological incoherence & conventionally unoriginal sociopolitical groupthink",I love how NBC uses MSNBC as a beard to hide their hot &amp; heavy thing with #Trump !  #BoycottNBC,New York,Trump
AA AnonğŸ¸ğŸ‡ºğŸ‡¸ğŸ¿ğŸ’€ğŸ—“ğŸŒ‘toğŸŒ,"ProudğŸ¸ to be an AmericanğŸ‡ºğŸ‡¸ & a Patriot. May God be w/us ALL. IFBAPğŸ¿ bc We need to stick together in this fight for Truth & Freedom for God & Country
#MAGA","If you are voting for #Biden PLEASE watch.
Title: I was voting for Biden but this changed my mind to #Trump.
#FactsMatter
https://t.co/nZiVyU48PE",,Trump
Cafeofknowledge,Not really good at anything,Come on #Trump #Trump2020 #TrumpLandslide2020 lets make #Stopbigtech trend now,,Trump
hiphopdigital,Hip-Hop Digital Media LLC | Management â€¢ Content Creation â€¢ Public Relations | Contact: info@hip-hopdigital.com ğŸŒˆ she/her,"He just called @CoryBooker stupid, literally. #DonaldTrump",Ohio,Trump
thelaughmakers@gmail.com,"Attorney, TV comedy writer, author of THE LAUGH MAKERS: A Tribute to Bob Hope's Gag Writers, multi media show ""Bob Hope Backstage.""Instructor at https://t.co/34cEoBAeiw","#TheWeek: ""NBC cut ties with #Trump in June 2015  over racist comments about Mexicans. At the time, an insider said 'He didn't see why he couldn't do the show from the Oval Office.' He brought his penchant for firing, the highest rated part of The Apprentice, to the White House."" https://t.co/awuSgW9C9j",California,Trump
Inconvenient Truth ğŸŒŠğŸŒŠğŸŒŠ,Spreading the #Truth. #ScienceMatters. #TrumpLiesAmericansDIE.  #VOTE #TrumpCrimeFamily OUT on #ElectionDay,#GOP Massachusetts #governor says he will NOT support #Trump  ğŸ‘‡ğŸ‘‡ğŸ‘‡ https://t.co/Us9ACCVSFl,,Trump
Artjr,"Platform, #BidenHarris2020, Flip the Senate2020, #BLM - Vietnam Vet USMC, Strong Supporter of Celebrity News and SAGA",@chipfranklin They need to do it to #tRump as well.,California,Biden
Suzanne W- We Voted! ğŸ—³ğŸŒŠğŸƒğŸ‘»ğŸ˜·,"Mom of 4, Grandma of 4, Wife of 1; Semi-Retired Ultrasonographer, 2X breast cancer survivor",@KamalaHarris @maddow Maybe ask her why her network rewarded #Trump with his own show for cancelling his debate with @JoeBiden.,North Carolina,Biden
Je suis #Antifa!ğŸŒ¼ LauraInWonderland,PhotoJourno who prefers making photos|CoFound .@imageswoborders| #TrumpKillsAmericans|Resist| PolyglotğŸ‡«ğŸ‡·|ExLegalBeagle|@Unesco Paris alum |#BidenHarris2020,"F you #Pompeo! You do not speak for all Americans! Canâ€™t wait till youâ€™re no longer in power, so we can make sure that you #Trump #BillBarr #BetsyDevos
and every member of your criminal admin face prosecution for #CrimesAgainstHumanity
#CrimesAgainstChildren and more! https://t.co/Q1nN9Wg1YZ",Louisiana,Biden
GrabHimByTheBallot ğŸ—½ğŸŒŠğŸŒˆâœŠğŸ‡ºğŸ‡¸,"#BidenHarris2020
Rebuilding after being bot reported on voter information
#FBR  #NOMAGAS #EQUALITY #UNITY #COMMUNITY #ONENATION #CRIMINALJUSTICEREFORM",@TwitterSafety @Amy_Siskind I appreciate it.  these things against a Presidential candidate should be vetted before circulating. Once out and seeded the impression it makes can't be retracted. #Trump admin &amp; family have long dabbled in falsehoods &amp; smears aided by Russia &amp; other disinformation arms.  Thx!,,Neutre
JKJ ğŸ§¢,"As long I understand my pocket money isn't forever, I understand my life isn't forever. Do something virtue for another, we'll remember you forever.","ğŸ‡ºğŸ‡¸ - President #Trump At The #Ohio Rally: â€œThe #Biden's got rich while #America got robbed. By contrast, and Iâ€™m so proud of it, I have given up million of dollars to serve as your President,â€ prompting loud cheers of â€œFour more yearsâ€ from the crowd https://t.co/ndWCuTEThe",,Neutre
Global News Report,"Flying the web for trusted world news reports and shopping discounts 24/7. Retweeting for opinions, useful information, and the many voices of Twitter.","""#POTUS News: Michael Cohen writing book about DOJ and #Trump world #News"": https://t.co/KyyiDKFlFB",,Trump
Kelly Morales,"Mom to 3 amazing kids who aren't allowed to follow me â¤ï¸ Writer, Speaker, living joyously &  staying strong, Pro Se. #DomesticAbuse #survivor advocate.","Scary. As #Trump &amp; #fakenews cranks whine about non-protected speech &amp; attack our #FreePress, #AmyConeyBarrett â€œcanâ€™t rememberâ€ that the 1st protects:

Freedom of Religion, Speech, Press; &amp;Right to Peaceable  Assembly, Petition Gov. for redress grievances

ğŸ˜±ğŸ˜±ğŸ˜±ğŸ˜±ğŸ˜±ğŸ˜±ğŸ˜±ğŸ˜± https://t.co/zfQ96fx8AX",Texas,Trump
AllSides,"Tired of media bias? Follow us for a more balanced news feed. Free yourself from filter bubbles. For schools, for everyone.","#FromtheRight: Trump Tells Newsmax: Bidens Are 'Grifters and Crooks' | Reporting by @newsmax

#DonaldTrump #JoeBiden #HunterBiden

https://t.co/KGysAeKJN0",,Neutre
GeneralGCuster,"~Veteran Pro Photographer, Orchard Rancher, & Writer...Family in Nevada since 1864....Award Winning Photographer at a O.C. daily newspaper at 17....","@sportstalkmatt .Matt--Mr. #tRump is also busy giving Covid 19 survivors props at his #SuperSpreaderTrump pep rallies, like the rally he is doing right now in Iowa. Not a word about the over 210,000 deaths, and the folks with long term Covid heart and lung damage.",Nevada,Trump
Andy Ostroy,Proud democrat. Patriot. Love my country. Writer. Filmmaker/producer. Non-profit founder supporting female filmmakers. Drummer. Candy man. https://t.co/ZxB2nKQnUm,Another killer @realDonaldTrump ad from @donwinslow...  #Trump #Election2020 https://t.co/48lkIXmFfb,New York,Trump
L_Lily,"Croatian patriot ğŸ‡­ğŸ‡·, Katalonija nije Å panjolska, anti globalist","@mijicmate @IvanaAsprijan Eto im taj njihov ""opasni"" #Covid19, #Trump se brzo oporavio i izgleda dobro i zdravo!",,Trump
,,,,
Athena_Speaks,Historian. Philosopher. Feminist. Advocate. Human. #VoteBlueNoMatterWho #BidenHarris2020 #WearADamnMask #BeKind,"#TrumpVirusDeathToll275K &amp; rising when all #Americans killed by #TrumpVirus are counted. #Trump &amp; #GOPDeathCult have been hiding #Covid deaths as pneumonia cases for months-see TX, FL, etc. People died alone &amp; scared, without family. #ProsecuteThemAll #VoteBidenHarris #VoteBlue https://t.co/DhTG3EMSOu",,Biden
Reda StCyr,"36yrs Employed Now Retired United States Postmaster I now spend my time working with, advocating & speaking out 4 voiceless on political issues","ThisPiece of #Trump shit is now sliding her disgusting, lying, cheating ass 2 be another #SCOTUS with #Roberts, #Kavanaugh &amp; the rest Ye@AmyConeyBarrett I am referring 2 your ass 2 again do what u did 4 #Bush An a #REVOLUTION should be in order 2 REMOVE your ass #Democrats #MSNBC",,Neutre
chris9183,"Liberty Or Death. ğŸ‡ºğŸ‡¸ğŸ´â€â˜ ï¸


RTs =/ Endorsement.","Big tech and the Internet (the Internet Service Providers) should be made public utilities.

#TwitterCensorship #bigtech #Biden #HunterBidenEmails #HunterBiden #Hunterbidenlaptop #hunterscrackpipe #JoeBiden #Trump #TrumpPence2020 #Trump2020Landslide",,Neutre
"Karen Maiorano, LMT",I feel your pain as a licensed massage therapist. Tweet with me--I love to pass along helpful and healthful information then you decide. #MMP,"#Vote yes for Life, vote yes for health care, vote yes for America; vote for #Trump. #LANDSLIDE",,Trump
snarke,"Will mock for food! Freelance writer, blogger, commentator. Civics nerd. She/Her","#Trump: Barron had the Corona 19, the China virus, it has twenty different names but to me Corona means Italy! And it came from China! So he had the China virus! But it's so beautiful he had it and he's free, he's totally free, he had it for like two seconds.

Duuuuuuuuuuude. No.",Oregon,Trump
,,,,
Clovis Anna Marieâ„¢ï¸,former Republican voter. Iâ€™m a high flyer drink server âœˆï¸ğŸ’ºno DMs â€œTrump is an idiothttp://rvat.orgh,@realDonaldTrump @nypost Another nothing burger just like the bill barr investigation ğŸ˜‚ #trump #lies #failure #loser #idiot,,Trump
Colleen O'Donnell,Diehard bleeding heart Liberal. Liberty and Justice for All. My children are everything to me. I resist for them and all of America. No Lists.,"@donwinslow #Trump is scared of women. He does not respect women.
#VoteHimOut",New York,Trump
Daniel Martinez,Counselor and Attorney at Law. Defender of the people. Amateur boxer. Fearless advocate. Inked AF.,Original content #IceCube #trump https://t.co/evoVYqq0FJ,Florida,Trump
Atlanta Stay FI,"Atlanta News & Entertainment
#AtlantaStay
Stay Focused Stay Informed


 atlantastayfi@gmail.com","@MidwinCharles Thank you @RawStory another example showing the false hoods of #BlackMen voting for #trump

@BlackVoice4u you should change your Twitter handle to trump's paid actors.

#TruthBeBlack ğŸ–¤ğŸ–¤ğŸ–¤",Georgia,Trump
idobi Radio,the internet's #1 alternative & pop punk station https://t.co/RBEAndnD9c,"If ya donâ€™t know about...
âƒ@Walmartâ€™s #blackfridays
âƒ@ddlovato releasing an anti #Trump song
âƒ@netflix doing away with free trials
...Now Ya Know With Gunz
@thegunzshow #nowyaknowwithgunz https://t.co/X38FuKquME",,Trump
Nikkiâ„¢,#1 Of #writing #books & #Outlander ğŸ´ó §ó ¢ó ³ó £ó ´ó ¿ ğŸ’‹â¤ï¸,The next #Trump supporter who canâ€™t have a dignifying civil conversation. Lol I mean come on there ğŸ˜ will get blocked. Already had to block twenty because they canâ€™t understand that their president is a piece of shit! #BidenHarris2020 sick of shit already!!!,,Biden
Yeah Right Inc.,"Yeah Right Inc offers viewpoints, perspectives, & ideas on numerous subjects - politics, arts & culture, media, marketing & more. Editor-in-chief Paul Eichhorn.","So, 20 days out from #USPresidentialElections2020... if #Trump get lucky with a deflection story that sucks media in as usual, may give him a chance win back some support. If everything stays relatively as is and COVID big story, he's toast.",Texas,Trump
Yeah Right Inc.,"Yeah Right Inc offers viewpoints, perspectives, & ideas on numerous subjects - politics, arts & culture, media, marketing & more. Editor-in-chief Paul Eichhorn.",Good chance #Trump and minions will try to generate a deflection story even if it's negative for him -- Access Hollywood didn't hurt him and one could argue helped him win in the end. This guy is a freak of nature so anything is possible.,Texas,Trump
,,,,
Pat  Szczepanski,"Married, two kids, one grandchild,lib/progressive Love reading anything WW2. Pro-Choice Catholic #TheResistance #Resist ğŸ’ªğŸ¿ğŸ’ªğŸ½ğŸ’ªğŸ»ğŸŒˆ(Photo-NationalArchives)",#shoutout @DevinNunes help @FortMillerMS The Parents of these Middle School Kids pay you to work. For THEM. Not #Trump https://t.co/nAc6yhkavu,,Trump
,,,,
Catherine,"No one sleeps when there's a snake on the roof. That snake right now is racism.
The whole world is watching.",Trump begging for suburb women to like him sounded very quid pro quoy~~right? #trump #StopTrumpsTerror #TrumpRallyFlorida,,Trump
,,,,
#NappyTHreads,Im roderick. Check the insta @akaroderick,#Trump said he would do it. He hasnâ€™t and wonâ€™t do it. Yâ€™all know good as well that man is a LIAR! Thatâ€™s the ONLY thing heâ€™s good at. #WakeUpAmerica https://t.co/o7ccVSgptv,California,Trump
,,,,
Kevin Brady for Congress,"Texas congressman, pro-family, pro-small business conservative. Never moved to DC. Led GOP tax reform in Congress. Keeps fighting for us.","UH, NEVER MIND

Remember #TXDemocrats who fear-mongered in-person voting as â€œdangerousâ€ &amp; â€œdiscriminatoryâ€?

Filed lawsuits &amp; accused #Trump #GOP of cruelty &amp; voter suppression.

Now...wait for it...theyâ€™re boasting about early voting turn-out. https://t.co/ZIkGe7IN3v",Texas,Neutre
Lil Reb ğŸ¦…,Current Deadhead/former socialist/addict.  Convert. Religious globalist.  Political isolationist. Motorsport enthusiast.  Catholic mystic blowing thru the air,watching the legacy media and big tech work in concert to push back and censor the #HunterBiden #JoeBiden #UkraineGate story it makes you realize the fact #Trump has a shot at this election is such a testament to independent media.,Georgia,Biden
Mother of Dragonflies,"Sharp things, inky things and zombies, oh my!",.@realDonaldTrump has bragged about being a terrible father in the past. He's proving once again that he wasn't kidding. #trump,,Trump
nosnhoJ yorT ğŸƒğŸ§›ğŸ»ğŸ¦‡ğŸŒâš°ï¸,"Fan of: @NASCAR/@49ers, #HardRock/#HeavyMetal, #Batman/#DannyPhantom, #Cartoons/#VideoGames! Fave VAs: @GreyDeLisle, @VOColleen, @jhaletweets, @LoriAlan1, etc.","@blumspew @jhaletweets @MaryEMcGlynn Iâ€™m waiting until #November3rd, goin 2 a #PollingPlace &amp; mailing in @ a #PostOffice (NOT a ballot box). Iâ€™ve #Voted #Trump 4 yrs ago &amp; doin so again on #ElectionDay. No shenanigans Iâ€™m committing. My choice, my rite, my life. I always #SaveAmericaVoteRed. #PrayForMe https://t.co/KylNRZpDhU",California,Trump
,,,,
Colocho,*Child of God- An Army Veteran - proud American-stock trader-soccer player,#HunterBiden #DrainTheSwamp #BidenHarris2020 #Biden2020 #DumpTrump2020 #VoteBiden #TrumpIsALaughingStock #DonaldTrump #TrumpLiedPeopleDied #VoteBlueToSaveAmerica https://t.co/41SPunMb2m,Florida,Neutre
GryphonsPerch,"â€œKeep your face always toward the sunshine, and shadows will fall behind you.â€ - Walt Whitman
#BlackLivesMatter #GoodTrouble #Feminist #LGBTQA","#Trump says children don't transmit SARS-CoV-2, but science says otherwise. A study out of Poland found that asymptomatic children under the age of 3 may effectively transmit SARS-CoV-2 to adults and other children. #COVID19

https://t.co/HLUhWjVg3t",,Trump
Anna M Shepard,"Proud to be an American! #Dem #Poet & #Hashtagger / My motto: 'LEND A HAND, WHEN YOU CAN!' / https://t.co/OYZrqhhluk",NO! @RealDonaldTrump is #ImpeachedForever. The #Senate under #MitchMcConnell REFUSED to Remove #Trump. He has NOT been acquitted of anything. https://t.co/LJiFLvY18q,,Trump
snarke,"Will mock for food! Freelance writer, blogger, commentator. Civics nerd. She/Her","#Trump moves from using Barron to promote his ""open up the schools"" BS to bragging about how many doctors were treating him for Covid and how out of everybody, all those important doctors, HE was the one who knew best how to treat and cure it.",Oregon,Trump
,,,,
,,,,Neutre